report_id,defect_id,simulated_time
73ac722b-fb56-4100-b0d5-0c13429b09c4,663b9865-1935-40fb-916f-264e4b558328,2026-06-11T04:08:19.522677Z
2ec4c6b4-ae5d-44b9-80b8-0bb57f21cec7,61b03e83-14e3-4fc5-bd7c-becd47670519,2026-06-12T16:08:19.522677Z
14d0dc4b-b7d4-40fe-8e28-bf9ba12ff522,f88916bd-861c-4691-a062-93c2fd59c549,2026-06-12T18:08:19.522677Z
eb3c0e2a-6251-4506-9fd4-9cb2fc68b306,4b348376-a0bb-4b80-915d-bf28055dc3b2,2026-06-12T19:08:19.522677Z
bae33ea1-f394-42bc-9591-a7bab806dbc1,663b9865-1935-40fb-916f-264e4b558328,2026-06-13T06:08:19.522677Z
70e5c295-707f-4e15-bea8-4493105ae875,b34ae45c-c887-460a-867c-c7d0a1bef7db,2026-06-13T07:08:19.522677Z
a2a89dfd-5504-4056-9364-8cd987bd694b,cea0dcae-3e9b-4701-b920-21b9e74660cb,2026-06-13T10:08:19.522677Z
57663c1c-a82f-4c8d-99e1-b1723626b01a,53db3a0c-134f-4621-8413-33cd53f864de,2026-06-13T10:08:19.522677Z
c19b0036-903e-42dd-9234-49eb05125245,6798e2a8-7749-4953-896c-052437e73645,2026-06-13T11:08:19.522677Z
2200d3d2-48f0-4029-8ac7-8914b1ea2ea2,f88916bd-861c-4691-a062-93c2fd59c549,2026-06-13T15:08:19.522677Z
e1337a3f-f4cc-4cad-97fc-5dcf9f50cf5d,0f80f945-1863-45a6-b75a-bac5995e0d55,2026-06-13T16:08:19.522677Z
aeac313f-fec6-4936-8e37-51a8287b6fe8,56a17ed8-f7e7-4e26-b576-365b497ea221,2026-06-13T17:08:19.522677Z
f3527788-4047-4fbe-a895-27a9c19ec0ee,f6322ec8-aa4d-4ad7-b920-bcf32ddfdc27,2026-06-13T18:08:19.522677Z
33ce191e-fd08-4892-ba04-8a755fa1a8a1,bb4e6094-cbc0-47e4-ad0f-1764b3879b66,2026-06-14T00:08:19.522677Z
f918ba07-2053-4b1a-b7ed-61c49973bf72,0f80f945-1863-45a6-b75a-bac5995e0d55,2026-06-14T01:08:19.522677Z
498a1599-8d19-4595-b0d0-5008ef8238b5,8ae2e530-36eb-4c15-bea3-23307fe8a0a1,2026-06-14T03:08:19.522677Z
591afd24-80ed-4922-95ab-a90f0e764034,bb4e6094-cbc0-47e4-ad0f-1764b3879b66,2026-06-14T04:08:19.522677Z
915bcc40-2063-4e04-8915-f71a9ece5d94,db36eae2-2f88-4576-b738-4c230887e01e,2026-06-14T10:08:19.522677Z
5d326e6c-bfae-4393-a86f-2e5412d8c3df,8ae2e530-36eb-4c15-bea3-23307fe8a0a1,2026-06-14T15:08:19.522677Z
8d14220a-bf94-4bec-ba1f-73d5d9ecfa0c,6fdab068-3072-4ba8-9fc4-9425d61789cf,2026-06-14T15:08:19.522677Z
bba1d3bb-480a-4c97-89f5-880675bc45a9,cd6159fc-1955-4fd9-a1d6-46537bba676f,2026-06-14T17:08:19.522677Z
4c85c30c-34e3-446a-86c0-e268cfe4704a,53db3a0c-134f-4621-8413-33cd53f864de,2026-06-14T17:08:19.522677Z
c21449fc-39a3-468f-b20f-25e15ae95bcf,0f80f945-1863-45a6-b75a-bac5995e0d55,2026-06-14T20:08:19.522677Z
9c48b899-128f-4885-8e3d-f9da6c9bb8d6,ef6e4a90-d247-44af-92da-86a64e9e1562,2026-06-14T22:08:19.522677Z
32e1221a-41e3-43be-bf5a-c478cd545b20,53db3a0c-134f-4621-8413-33cd53f864de,2026-06-14T22:08:19.522677Z
39baccb8-dcaa-4486-9599-5ff9cfaeacd1,fbafa579-a1d1-46e4-9861-4910d35c8c71,2026-06-14T23:08:19.522677Z
a7ef8ecf-d81b-483c-bcf0-e96bfb973811,bb4e6094-cbc0-47e4-ad0f-1764b3879b66,2026-06-15T00:08:19.522677Z
0d61026d-f815-4e7d-bad7-f8309ab33e0d,53db3a0c-134f-4621-8413-33cd53f864de,2026-06-15T00:08:19.522677Z
5f7b49f3-5d54-4ac4-a0b9-27d95b153bbf,04697c27-d181-4043-8647-53d48692d078,2026-06-15T04:08:19.522677Z
0c7da90f-3d22-4408-bf14-58e42a3ce69f,208be214-15b1-478a-b9b7-6f54e1715dc0,2026-06-15T05:08:19.522677Z
5e5e8bef-ffc2-4c78-a6d2-fa9e4a6b8f9e,24eef37f-c9ab-4bdb-8e86-c0918f6377a1,2026-06-15T11:08:19.522677Z
84ae6a07-de1c-4ff2-8c5c-282fb422190a,0f80f945-1863-45a6-b75a-bac5995e0d55,2026-06-15T12:08:19.522677Z
605d50d0-287d-458c-bcda-591b975b71cd,bb4e6094-cbc0-47e4-ad0f-1764b3879b66,2026-06-15T13:08:19.522677Z
b1732fa2-c7ab-44c0-8e94-9d55189058d7,b34ae45c-c887-460a-867c-c7d0a1bef7db,2026-06-15T16:08:19.522677Z
ea72316f-39b5-4fdb-9d2a-466cad59d282,a975c9f3-867f-47e0-b02a-30e109bace0d,2026-06-15T19:08:19.522677Z
e0902c78-fde5-46e1-9e4c-53bd0487a0f8,ee3a100d-ba19-455c-8d02-6e711002842e,2026-06-15T20:08:19.522677Z
64e734d1-3cd2-48c2-a6d5-1055e9cc2662,cd6159fc-1955-4fd9-a1d6-46537bba676f,2026-06-15T21:08:19.522677Z
a92e80a5-4e0a-46d5-85e7-d40d87477958,ef6e4a90-d247-44af-92da-86a64e9e1562,2026-06-15T21:08:19.522677Z
c8825618-b615-47ae-80f6-d8dbeb794f63,c7c72c7b-51b1-4687-9531-b4ea0550ea8f,2026-06-15T23:08:19.522677Z
e4ba24ea-1d16-42b2-b7db-16d36e699d7a,a6ec2f72-93ab-426b-b852-44024e6ea027,2026-06-15T23:08:19.522677Z
a9a2d388-8c3d-4136-abb6-b5899a6cba5d,f88916bd-861c-4691-a062-93c2fd59c549,2026-06-16T02:08:19.522677Z
d83d330e-b3df-45ea-b38c-3ca3cdf72b3b,ee3a100d-ba19-455c-8d02-6e711002842e,2026-06-16T05:08:19.522677Z
d1b15f08-e2b0-4903-8da2-f1eb0956a93c,7f4489f1-9ce5-434d-932a-fb6a471f5b09,2026-06-16T08:08:19.522677Z
5c455902-f51e-48d0-ac07-7f2d261b4aa6,cd6159fc-1955-4fd9-a1d6-46537bba676f,2026-06-16T09:08:19.522677Z
3135d22e-33d9-420b-94ee-d50f66ee1812,13c2abfe-8cb0-457b-a221-ecef0e185715,2026-06-16T10:08:19.522677Z
7e80b772-497f-4729-845d-ff06e186b7c1,4b348376-a0bb-4b80-915d-bf28055dc3b2,2026-06-16T11:08:19.522677Z
065740c8-88db-44b7-89c2-86e70d5c2eaa,4b348376-a0bb-4b80-915d-bf28055dc3b2,2026-06-16T11:08:19.522677Z
054768da-041a-4282-93a2-508323f6b897,e28fa858-9e44-4f7d-9cc8-3d100c649447,2026-06-16T12:08:19.522677Z
feb09ff2-3a99-447e-a484-f3145b222298,8ae2e530-36eb-4c15-bea3-23307fe8a0a1,2026-06-16T12:08:19.522677Z
5628748c-06fd-4b10-82af-1ed597123f0b,24eef37f-c9ab-4bdb-8e86-c0918f6377a1,2026-06-16T16:08:19.522677Z
fd1d5120-353f-488c-8a50-d6aef1ea7272,e28fa858-9e44-4f7d-9cc8-3d100c649447,2026-06-16T18:08:19.522677Z
a259ad50-a45c-4c11-9a5e-f4a42b152ce0,524c228f-3f0b-4408-b96b-59e2f85c08b9,2026-06-16T19:08:19.522677Z
420bdd90-ae2f-4f20-b9d2-ebbe51d27861,0c178a87-e858-412a-ac98-dca61fd0ff32,2026-06-17T00:08:19.522677Z
e71e19bc-c8ca-4555-bfad-3cf1a6e1849f,24eef37f-c9ab-4bdb-8e86-c0918f6377a1,2026-06-17T00:08:19.522677Z
3e333aa5-f112-4c24-86c6-300b5f0fc091,24eef37f-c9ab-4bdb-8e86-c0918f6377a1,2026-06-17T00:08:19.522677Z
14a898b4-d99a-41ec-83ae-8f26d5f7ec3c,f88916bd-861c-4691-a062-93c2fd59c549,2026-06-17T01:08:19.522677Z
bbe90c96-a86c-4499-9980-1828b338f4f9,dbad8316-0675-4e48-9ef5-a5027a2d9023,2026-06-17T01:08:19.522677Z
13198f48-a2f3-4066-8cac-fbfe98184e69,8ae2e530-36eb-4c15-bea3-23307fe8a0a1,2026-06-17T02:08:19.522677Z
8b48f2f7-7542-492f-826f-dbec2797a92c,410c5c14-e7b3-4058-a029-be5ae0652518,2026-06-17T05:08:19.522677Z
8f333228-8915-47ab-bec6-c0af01bd250c,a975c9f3-867f-47e0-b02a-30e109bace0d,2026-06-17T05:08:19.522677Z
6bdc6673-2427-4eb6-aeaf-7d28b5733f4e,ef6e4a90-d247-44af-92da-86a64e9e1562,2026-06-17T05:08:19.522677Z
afb4384a-d06f-42a1-9739-60f4a2463cfb,33c9a92f-62cd-4022-93f8-36d891a752d9,2026-06-17T07:08:19.522677Z
16b60947-c58b-4b4d-a4a6-c025587983d5,543d9557-3913-468e-8b13-9fe97c05b16f,2026-06-17T07:08:19.522677Z
50a5afd3-d334-484e-9fa6-86f13a8b11fd,e92c33eb-5c3a-4266-918e-62e85a189355,2026-06-17T08:08:19.522677Z
775c784c-c2c5-49b7-8546-3628d122dd38,f7f3fab5-96d1-47c3-b1e3-ab1402ab0871,2026-06-17T08:08:19.522677Z
cd9cd23c-9014-4dc6-9c81-21b89f21dd05,8ae2e530-36eb-4c15-bea3-23307fe8a0a1,2026-06-17T09:08:19.522677Z
10bc5290-f09c-4643-b8e3-5ec8edb34d1e,f7f3fab5-96d1-47c3-b1e3-ab1402ab0871,2026-06-17T09:08:19.522677Z
4baf6125-038c-411c-95ec-8ee768a403e6,d148024d-811a-4970-b224-9435c9be67a8,2026-06-17T10:08:19.522677Z
d5045397-8c21-44c6-85d9-5f9f6d251d45,bbdc9bfa-b668-419b-a283-279cbe5ee4ff,2026-06-17T12:08:19.522677Z
3ab48bd9-f9c8-4f48-a94b-8770481ecde1,ef6e4a90-d247-44af-92da-86a64e9e1562,2026-06-17T14:08:19.522677Z
45613c51-aa56-49a4-9389-33e2e6156b41,53db3a0c-134f-4621-8413-33cd53f864de,2026-06-17T15:08:19.522677Z
9caae160-708e-4dfe-b18e-46aa354bdd3f,ee3a100d-ba19-455c-8d02-6e711002842e,2026-06-17T20:08:19.522677Z
d56a528f-4bc2-4b8b-9b38-70f20d7cb565,b34ae45c-c887-460a-867c-c7d0a1bef7db,2026-06-17T20:08:19.522677Z
dee32b2a-6490-4fd5-859a-844c2ea02972,d148024d-811a-4970-b224-9435c9be67a8,2026-06-17T21:08:19.522677Z
99200109-a7bf-4c3e-a6c5-bb66b97bc64a,82a19d78-6156-46b6-957c-6becaf7dad6b,2026-06-17T22:08:19.522677Z
c69e8179-3b6a-4886-8b52-7a68fd7c63dc,82a19d78-6156-46b6-957c-6becaf7dad6b,2026-06-18T01:08:19.522677Z
538079a1-189e-4094-9f9f-f3946202609d,ee6d9541-a84f-49fe-b3f8-58a4b9450e02,2026-06-18T01:08:19.522677Z
8b02c337-440d-4e6a-b00c-d2348235c2a9,12ebf0dc-9fb8-4782-b5c8-2c02aabc03a0,2026-06-18T01:08:19.522677Z
a12fd078-ef9c-41ab-b34c-6c252f37bf3e,f3ceff73-57b4-4a89-ad58-2075470ad8e2,2026-06-18T02:08:19.522677Z
7c1f78fb-911b-4eeb-a310-81d5662c68b9,f7f3fab5-96d1-47c3-b1e3-ab1402ab0871,2026-06-18T03:08:19.522677Z
5cd47b1f-0f27-4988-b008-294bb431a0c8,ee3a100d-ba19-455c-8d02-6e711002842e,2026-06-18T04:08:19.522677Z
3d71d824-9b21-41c5-8abe-db46e90fbfef,80efab42-c64c-4f27-8d51-d651112d513e,2026-06-18T05:08:19.522677Z
d3131ad5-1b9d-4808-8fda-97f529582581,f7f3fab5-96d1-47c3-b1e3-ab1402ab0871,2026-06-18T16:08:19.522677Z
081af8f8-b264-4e73-9671-830cc05b4f08,f7f3fab5-96d1-47c3-b1e3-ab1402ab0871,2026-06-18T17:08:19.522677Z
55ff9fb9-5a8d-46c2-b83a-011d41b5cca9,33c9a92f-62cd-4022-93f8-36d891a752d9,2026-06-18T18:08:19.522677Z
fa457d14-95da-41a7-9add-4188f8898f3b,e92c33eb-5c3a-4266-918e-62e85a189355,2026-06-18T18:08:19.522677Z
2eacba0e-f3bc-449a-8448-a94a59d5e4f2,6b2d83bf-4362-47b5-819d-ee9626df96ad,2026-06-18T21:08:19.522677Z
884afd45-705a-46ac-9709-c01315846bdb,bbdc9bfa-b668-419b-a283-279cbe5ee4ff,2026-06-18T22:08:19.522677Z
aa8b10d7-981d-4836-83b4-26dd76d7deef,0448b989-03d1-4235-8046-879adb24fe74,2026-06-18T22:08:19.522677Z
5f15401e-36ff-481a-8c79-85475896cf7a,6b2d83bf-4362-47b5-819d-ee9626df96ad,2026-06-19T03:08:19.522677Z
7a8d281e-dd28-4b3c-9dfa-5e68784da91c,24eef37f-c9ab-4bdb-8e86-c0918f6377a1,2026-06-19T06:08:19.522677Z
9301dcf1-856b-4d32-9cff-dea0c352ac4e,f94a5e7a-ff77-47ed-89fc-483535530f99,2026-06-19T07:08:19.522677Z
320b9f3f-4cf5-4c67-9748-613beeab32fb,bbdc9bfa-b668-419b-a283-279cbe5ee4ff,2026-06-19T09:08:19.522677Z
d8074394-973b-4f15-8571-13bc29c3db67,f7f3fab5-96d1-47c3-b1e3-ab1402ab0871,2026-06-19T10:08:19.522677Z
34958a58-daef-453e-a9b7-3a328ed82fa4,f7f3fab5-96d1-47c3-b1e3-ab1402ab0871,2026-06-19T10:08:19.522677Z
3d0e927b-cd73-4919-a0fc-4077d856e018,f7f3fab5-96d1-47c3-b1e3-ab1402ab0871,2026-06-19T11:08:19.522677Z
d1ea5d74-b1d1-44b9-9f90-fe88e6b3c5f8,517ee072-0287-42f2-8144-8ac3b1c8dc96,2026-06-19T11:08:19.522677Z
9f00a266-eabf-454c-b268-4f662a2aa6eb,80efab42-c64c-4f27-8d51-d651112d513e,2026-06-19T13:08:19.522677Z
ce038a3e-1196-45da-9f66-9d581c4a8756,6c59cbc3-d533-4af5-9a66-88e4f6341258,2026-06-19T14:08:19.522677Z
5b9bc3ba-62cb-4eae-af82-fcca36014fce,d148024d-811a-4970-b224-9435c9be67a8,2026-06-19T14:08:19.522677Z
cafecea4-3979-4026-b5a2-575c6d6196d7,6811a486-a253-405d-b78d-586900cff1d8,2026-06-19T21:08:19.522677Z
4aeb0fcd-3151-4db4-8b05-d59e43a87a0e,97fc5f7f-2f23-49d4-aefc-11ffbe95edc2,2026-06-19T22:08:19.522677Z
dc77eaa4-8a26-453c-b40f-50a3f79409aa,f7f3fab5-96d1-47c3-b1e3-ab1402ab0871,2026-06-19T23:08:19.522677Z
18ac63ca-0854-4957-bca5-12d28702b408,33c9a92f-62cd-4022-93f8-36d891a752d9,2026-06-20T00:08:19.522677Z
e9bf551e-1825-4ae9-b337-b11c2b9526b4,24eef37f-c9ab-4bdb-8e86-c0918f6377a1,2026-06-20T00:08:19.522677Z
923351bd-f6f0-48a7-961b-78891f3e5ead,f7f3fab5-96d1-47c3-b1e3-ab1402ab0871,2026-06-20T01:08:19.522677Z
2c19aaa8-d9e6-4d26-9d69-440868a0323f,82a19d78-6156-46b6-957c-6becaf7dad6b,2026-06-20T02:08:19.522677Z
b6be79d1-badd-486c-8536-2d4224bdf78c,a6ec2f72-93ab-426b-b852-44024e6ea027,2026-06-20T02:08:19.522677Z
6a9d502a-dd90-4dbc-a50f-ba6d3917644e,f7f3fab5-96d1-47c3-b1e3-ab1402ab0871,2026-06-20T04:08:19.522677Z
3ae8b177-8c85-49c0-8e09-eae5867e02fe,e92c33eb-5c3a-4266-918e-62e85a189355,2026-06-20T08:08:19.522677Z
0e651ef6-6c9b-41d0-b356-aecb6daa46eb,3d804f42-586e-47d9-b90d-b1d96c5f786d,2026-06-20T09:08:19.522677Z
15eb8f5e-1345-47d4-858e-8f984d643fe9,a6ec2f72-93ab-426b-b852-44024e6ea027,2026-06-20T10:08:19.522677Z
496e92a7-68c5-4844-b999-0c706069c28f,5d8fb162-396f-44cd-9acc-b4cbea4e2671,2026-06-20T11:08:19.522677Z
eae8b699-b6e4-4ea8-866a-d32cadcc0e01,82a19d78-6156-46b6-957c-6becaf7dad6b,2026-06-20T12:08:19.522677Z
d427ff33-35fc-49be-8b6a-3e14ba7a568e,5570493a-5ee8-4b3b-9842-b5456d4768d1,2026-06-20T13:08:19.522677Z
425097b6-9ab2-44ec-b69a-d7df0a7fae89,5d8fb162-396f-44cd-9acc-b4cbea4e2671,2026-06-20T14:08:19.522677Z
89747297-eafe-4f5f-90ce-13a2b19524e8,0448b989-03d1-4235-8046-879adb24fe74,2026-06-20T14:08:19.522677Z
f6188d5b-ff7e-477a-b836-f3564f8e9966,6b2d83bf-4362-47b5-819d-ee9626df96ad,2026-06-20T14:08:19.522677Z
c9d85af0-18c3-4bcb-bdcf-d00a6499f166,bbdc9bfa-b668-419b-a283-279cbe5ee4ff,2026-06-20T15:08:19.522677Z
6d754952-b052-4904-bf2e-7937d538fcb7,82a19d78-6156-46b6-957c-6becaf7dad6b,2026-06-20T16:08:19.522677Z
3d7856e9-6e47-41b8-99c0-d0a60fe82072,6d79bef0-4c9e-4df4-81e7-29e61005f770,2026-06-20T16:08:19.522677Z
b90be30d-d3c9-4281-8670-54f064a00b62,f7f3fab5-96d1-47c3-b1e3-ab1402ab0871,2026-06-20T19:08:19.522677Z
37c3311c-e49b-46d5-8bb6-30c0e144226c,e28fa858-9e44-4f7d-9cc8-3d100c649447,2026-06-20T20:08:19.522677Z
f11f3f3d-79a5-4a45-b6dc-9132ac6d0efa,cb2b2090-38c4-4297-816c-15a6ca5dc7a8,2026-06-20T21:08:19.522677Z
16adcce7-5a59-4081-b75b-a33b07e2bafa,e1c59907-9fff-40fd-805f-abadcd94cb90,2026-06-20T22:08:19.522677Z
6a740ab2-4a84-498c-8da0-e3b73244d11e,5d8fb162-396f-44cd-9acc-b4cbea4e2671,2026-06-21T00:08:19.522677Z
32c1a04d-5898-44fd-969b-b4fb5a57fe63,f7f3fab5-96d1-47c3-b1e3-ab1402ab0871,2026-06-21T02:08:19.522677Z
9734ec09-5de9-4c05-b6b3-225562390279,8962b8f5-ba03-49d8-81a2-ef6f5e4fa05a,2026-06-21T05:08:19.522677Z
e0776578-dc7c-42c9-a62c-044aa8a745fe,f7f3fab5-96d1-47c3-b1e3-ab1402ab0871,2026-06-21T06:08:19.522677Z
25298edc-6b96-49fe-bae6-c8ebf8a823f6,4ee50c70-b1e1-4fc5-bb1c-dc0e65358087,2026-06-21T08:08:19.522677Z
c718e998-4683-4b0f-bd28-cd34f1897b4a,99ebc19d-dbd4-441a-9f0f-31ac37fa789f,2026-06-21T10:08:19.522677Z
c61f4c45-9460-434d-a0a8-c047fccdb9b5,09bb9e72-868a-4e40-ae0f-6a9bcc524e79,2026-06-21T10:08:19.522677Z
dc1dc981-d3ab-4643-b70b-01696c2593f6,418cf1bb-4da4-4746-8d06-8c6b8fa0c09c,2026-06-21T11:08:19.522677Z
f1bcdf8b-ebfb-47ea-b74b-88370567391e,6811a486-a253-405d-b78d-586900cff1d8,2026-06-21T14:08:19.522677Z
f620f663-764a-4cc8-956f-2e9705ac87f5,6b2d83bf-4362-47b5-819d-ee9626df96ad,2026-06-21T15:08:19.522677Z
a31a507f-4b6f-433e-9466-40ded65cf90a,19130a9d-2846-4c23-91b4-e424bd62b82c,2026-06-21T18:08:19.522677Z
0a8acbe4-9d1c-4481-ac34-825d27ee805d,7f5eee6b-da3a-410e-b342-20ff924b944a,2026-06-21T18:08:19.522677Z
af6516a8-6b03-4ea1-a8e9-01c66769066e,fff5944a-dd5d-442f-a9e9-bfb49dc4dd9d,2026-06-21T18:08:19.522677Z
8c096eca-2e47-40ab-beb2-fda0b40a334d,3118a2c7-b5ae-487f-85bb-b69d12ef0cbd,2026-06-21T20:08:19.522677Z
8baae49d-5217-4288-86b9-b5a5596767fb,ee8fb134-523e-4a96-8375-279c42998ab0,2026-06-21T21:08:19.522677Z
17f8bfb4-3d96-4f64-ba49-342bc1b357c1,b61ca218-73d6-43b9-8f69-a0549334a3be,2026-06-21T21:08:19.522677Z
ebf8a042-b50c-4546-b088-6e5f1d89c4a5,6b2d83bf-4362-47b5-819d-ee9626df96ad,2026-06-21T21:08:19.522677Z
2650ef5d-e634-4d8d-9213-288099873211,4dfcecb3-2615-4b25-9e5c-26eea05c9f22,2026-06-21T22:08:19.522677Z
cd6a96c6-cb78-4410-9db9-1dfdde6da30c,ec495fe2-88dd-4ecb-badc-cbdcbdbed78f,2026-06-21T22:08:19.522677Z
a144e596-6aa5-48f5-a142-896512e64d0e,4ee50c70-b1e1-4fc5-bb1c-dc0e65358087,2026-06-21T23:08:19.522677Z
4956b4ab-8892-4050-b5af-32a3bc02972d,5570493a-5ee8-4b3b-9842-b5456d4768d1,2026-06-22T04:08:19.522677Z
48ace873-d6b6-4329-b8f0-705e55f684dd,2f1b0aa4-9e39-4b88-bbd8-79cda52d8826,2026-06-22T05:08:19.522677Z
17c6edd2-a1d8-4640-97a0-c8deea5bf24f,5d8fb162-396f-44cd-9acc-b4cbea4e2671,2026-06-22T05:08:19.522677Z
d3cfa71e-2109-49eb-b873-a7e51364459d,5570493a-5ee8-4b3b-9842-b5456d4768d1,2026-06-22T05:08:19.522677Z
4d755362-ecde-4029-8bbf-ff1a0a1b2841,4ee50c70-b1e1-4fc5-bb1c-dc0e65358087,2026-06-22T08:08:19.522677Z
f84bb51b-d497-4b3a-b016-6049a72f5b56,196bbec2-6699-481e-aa4e-29e4c19cb38a,2026-06-22T09:08:19.522677Z
9a11985e-4b2e-45f8-9ef5-089e07738988,e774aac3-151c-4fe7-abb3-e2259e0a2c83,2026-06-22T10:08:19.522677Z
197e33e8-e00f-4768-9f2a-9ba0864fec2b,5570493a-5ee8-4b3b-9842-b5456d4768d1,2026-06-22T11:08:19.522677Z
c3a15e73-4244-474b-a211-2e8667e3c94e,6811a486-a253-405d-b78d-586900cff1d8,2026-06-22T16:08:19.522677Z
76d34c4f-1fe2-46e8-8f41-553419caafa5,19130a9d-2846-4c23-91b4-e424bd62b82c,2026-06-22T18:08:19.522677Z
22376b10-c9d1-45ec-9c1a-daf5e18f7652,97fc5f7f-2f23-49d4-aefc-11ffbe95edc2,2026-06-22T18:08:19.522677Z
e9895e6a-299a-4865-a00c-de5f21aceb42,7e2ee5bc-9e8c-4f71-89b8-c2b7d3b861f7,2026-06-22T19:08:19.522677Z
5d014497-6691-4557-be7e-4d3d70b06795,ee8fb134-523e-4a96-8375-279c42998ab0,2026-06-22T19:08:19.522677Z
4f0ec921-6d37-489b-a997-bd2c123c96c8,ee8fb134-523e-4a96-8375-279c42998ab0,2026-06-22T20:08:19.522677Z
fc270fed-0b94-4647-a657-50bb34a7957c,6b2d83bf-4362-47b5-819d-ee9626df96ad,2026-06-22T21:08:19.522677Z
cf594f63-d8de-4952-a350-aa5ae09b9eb2,6811a486-a253-405d-b78d-586900cff1d8,2026-06-23T00:08:19.522677Z
ee0c48a6-c518-403f-95fa-aba278225c0d,5570493a-5ee8-4b3b-9842-b5456d4768d1,2026-06-23T01:08:19.522677Z
f5c004a4-38c6-497b-b9b8-2e963859bd4e,196bbec2-6699-481e-aa4e-29e4c19cb38a,2026-06-23T02:08:19.522677Z
1aeaedc6-fffc-4890-8317-d5f82a3f1f2d,19130a9d-2846-4c23-91b4-e424bd62b82c,2026-06-23T06:08:19.522677Z
62e97112-5a2b-4409-b181-2eda5d2778c2,9ea7d0fa-dc88-47ce-9163-e3db661b3aa1,2026-06-23T06:08:19.522677Z
0b30977c-673f-4588-9c20-f6689b6e7933,b556a1d5-821e-4875-8053-71a1397ace8b,2026-06-23T07:08:19.522677Z
f8e0f966-0f91-4e0a-8254-98e25ed879d1,3ae9cea3-e388-413d-bcf5-cb867bb85b41,2026-06-23T07:08:19.522677Z
0c8e41d7-a51c-4ad9-987d-8cff1c7e292c,ee8fb134-523e-4a96-8375-279c42998ab0,2026-06-23T10:08:19.522677Z
2c2a02fa-63d1-4531-a94a-7c35ee60d62b,3ae9cea3-e388-413d-bcf5-cb867bb85b41,2026-06-23T10:08:19.522677Z
2ed1852e-c48b-4626-a656-0a6f8157a1da,5570493a-5ee8-4b3b-9842-b5456d4768d1,2026-06-23T11:08:19.522677Z
b521cdc2-fe42-4e53-952e-c5f7a037f592,196bbec2-6699-481e-aa4e-29e4c19cb38a,2026-06-23T14:08:19.522677Z
9202e56c-0f97-467d-addb-60469b91fb73,5570493a-5ee8-4b3b-9842-b5456d4768d1,2026-06-23T15:08:19.522677Z
c25f9572-53ce-4c15-82ec-92186a39ae4c,9d981f75-b141-4077-92fd-66c566ece8c3,2026-06-23T20:08:19.522677Z
49b56b96-ed3e-47bc-bd3c-30449048cc0a,90666418-7ba2-4278-8c1a-2397975aa18d,2026-06-23T21:08:19.522677Z
854898d7-d114-4622-b240-aefb58d21756,18b96592-78a3-4a93-8c27-373cdaad6d68,2026-06-23T23:08:19.522677Z
126d34cf-58e3-4269-8e8d-1057781e6460,4dfcecb3-2615-4b25-9e5c-26eea05c9f22,2026-06-24T00:08:19.522677Z
89df6516-9789-40ab-bbe7-3ae525d05880,e952b0aa-f0d3-49c4-b435-e528de87426b,2026-06-24T02:08:19.522677Z
3542a2e4-1190-4d17-9075-142160f793c7,cced8017-ade5-403c-b134-aa54c30ae0a7,2026-06-24T04:08:19.522677Z
ece24dae-fe45-41dd-a9ae-477cae8fd2fb,ee8fb134-523e-4a96-8375-279c42998ab0,2026-06-24T04:08:19.522677Z
b1f2b55a-3286-448c-9754-20001d34e35a,19130a9d-2846-4c23-91b4-e424bd62b82c,2026-06-24T06:08:19.522677Z
11efe2ad-660f-477c-8457-0fc501ddb9f1,97fc5f7f-2f23-49d4-aefc-11ffbe95edc2,2026-06-24T06:08:19.522677Z
25b771b2-d94c-486d-b8d5-4565b5b39100,3ae9cea3-e388-413d-bcf5-cb867bb85b41,2026-06-24T07:08:19.522677Z
3e1b09b4-0b73-444b-b8df-1ceee87f6003,3ae9cea3-e388-413d-bcf5-cb867bb85b41,2026-06-24T08:08:19.522677Z
00338372-f3f6-4e53-af31-13847527f55a,afdd71f2-90b7-4278-87c0-c847a530fa44,2026-06-24T09:08:19.522677Z
ccc1b754-9a2d-4c90-9694-dde9dede67e5,fff5944a-dd5d-442f-a9e9-bfb49dc4dd9d,2026-06-24T10:08:19.522677Z
0af56fee-430a-4baf-86cc-e1e1373bb886,5570493a-5ee8-4b3b-9842-b5456d4768d1,2026-06-24T11:08:19.522677Z
defddaac-d6b5-4cce-a4ce-eedce7695b00,97fc5f7f-2f23-49d4-aefc-11ffbe95edc2,2026-06-24T12:08:19.522677Z
ba32cec9-9ebe-4a04-adfd-2a282a7fcad8,7cd1649e-7a23-462a-9dee-22770add43eb,2026-06-24T13:08:19.522677Z
598ffd6e-b4bb-4cd5-8d23-83261d308066,fff5944a-dd5d-442f-a9e9-bfb49dc4dd9d,2026-06-24T13:08:19.522677Z
36ec5d40-d8e3-4283-bab3-47807eb00386,3ae9cea3-e388-413d-bcf5-cb867bb85b41,2026-06-24T14:08:19.522677Z
3bf27d48-7a05-4172-9d41-a6233947a570,d7f49354-9a70-4202-8439-07001c088fd5,2026-06-24T19:08:19.522677Z
4f8cf4d7-2c48-42d4-ab35-30c7296a5e7d,4ee50c70-b1e1-4fc5-bb1c-dc0e65358087,2026-06-24T20:08:19.522677Z
31f4aab0-0d77-4a46-9469-d8ab43d660f5,5570493a-5ee8-4b3b-9842-b5456d4768d1,2026-06-24T20:08:19.522677Z
98ab264b-93aa-467f-94e6-97eb19b03abb,e952b0aa-f0d3-49c4-b435-e528de87426b,2026-06-24T21:08:19.522677Z
44cd7424-da23-470e-8767-d35179bc43ee,3fa366af-469d-4f07-843a-bd58a2f68e62,2026-06-24T22:08:19.522677Z
b1942749-d466-447c-b7b8-615d5ca05299,19130a9d-2846-4c23-91b4-e424bd62b82c,2026-06-24T22:08:19.522677Z
d7b631c7-1d5e-483a-b931-1beae4e25d62,011026ab-e354-4c74-b2ad-8f762dfcab5d,2026-06-24T23:08:19.522677Z
87f6d19b-2eb0-43ee-ac7f-6c74ce026852,6dcb570e-72f4-446b-87d7-51b9944e69d0,2026-06-24T23:08:19.522677Z
016b1805-6c31-4063-9df8-6155c955ac5b,cced8017-ade5-403c-b134-aa54c30ae0a7,2026-06-25T02:08:19.522677Z
385f227e-e6b0-42e0-9651-e4bc98866889,cced8017-ade5-403c-b134-aa54c30ae0a7,2026-06-25T02:08:19.522677Z
a826ee8c-8384-43bf-9d4e-e94e25dc3e20,855024ee-8f4f-4184-8c02-b4f1457da8f5,2026-06-25T03:08:19.522677Z
4a04cdc7-2f57-428d-9a1c-8d1781e8e64e,011026ab-e354-4c74-b2ad-8f762dfcab5d,2026-06-25T04:08:19.522677Z
813b6b0b-a6f2-4109-ac4a-4b343b83182c,3ae9cea3-e388-413d-bcf5-cb867bb85b41,2026-06-25T04:08:19.522677Z
c91192c8-b418-45f7-869b-d8974ebdbd6e,011026ab-e354-4c74-b2ad-8f762dfcab5d,2026-06-25T05:08:19.522677Z
4524ea12-48c8-40f9-b6b2-cb601c81b479,4f82dad8-6080-4a2a-b652-47d01822c7b8,2026-06-25T06:08:19.522677Z
7adf0b61-2b68-4a83-8f04-c5df851b8a7b,ee8fb134-523e-4a96-8375-279c42998ab0,2026-06-25T07:08:19.522677Z
61887096-0109-415e-8527-cd5a4ce7c30b,c92423c0-1de6-4096-8ad5-3ab666ad6261,2026-06-25T07:08:19.522677Z
4558ce07-7d60-419a-bdaa-9b8c7aa7bf16,4ee50c70-b1e1-4fc5-bb1c-dc0e65358087,2026-06-25T10:08:19.522677Z
28ec320a-fd88-43b4-8f07-4224c07330e9,f649f199-0798-4744-8e7d-9f49d00a4855,2026-06-25T11:08:19.522677Z
28122e3e-7b13-4446-974f-d0c712574793,0a2fa5ea-f892-45c8-b826-a27b961cb66a,2026-06-25T12:08:19.522677Z
f44b2169-cbbf-414c-a44c-b41ae6bbc97c,ee8fb134-523e-4a96-8375-279c42998ab0,2026-06-25T12:08:19.522677Z
283138c2-31d6-40e8-b3db-da5dc37fb197,79d5a42c-dd14-445d-b46b-11bce60a50b3,2026-06-25T13:08:19.522677Z
34f823bb-dac9-492e-9fe2-50faff0f6cdc,dfcbf0f3-fec2-4443-8295-f2bf53428e1e,2026-06-25T13:08:19.522677Z
aebb1e12-ab2e-42fc-a22d-a7895ddcdba1,3ae9cea3-e388-413d-bcf5-cb867bb85b41,2026-06-25T15:08:19.522677Z
df16c31f-943f-40ff-b345-a480f1179b1b,f649f199-0798-4744-8e7d-9f49d00a4855,2026-06-25T18:08:19.522677Z
b5d6f9dd-f254-4423-aecf-3d895a10fcaf,011026ab-e354-4c74-b2ad-8f762dfcab5d,2026-06-25T18:08:19.522677Z
ff55bcd5-63a2-46fc-a457-efcbdd54bc0c,fff5944a-dd5d-442f-a9e9-bfb49dc4dd9d,2026-06-25T20:08:19.522677Z
25ec54f7-4cd8-4e20-8217-a1f75ee81cdf,62d2a343-8802-48bd-8763-6a104c6e4e06,2026-06-25T21:08:19.522677Z
074fbfec-b79e-49df-a89d-091640de3f8e,fff5944a-dd5d-442f-a9e9-bfb49dc4dd9d,2026-06-25T21:08:19.522677Z
bedb3558-475f-423f-a90f-b7b7cfef1a64,5771a4cd-c042-4d56-a5aa-173221436aea,2026-06-25T22:08:19.522677Z
7a0ac18d-de0d-4469-b44d-011a469db2e6,e952b0aa-f0d3-49c4-b435-e528de87426b,2026-06-26T00:08:19.522677Z
7b96877c-647d-4ab5-8148-1d45b2158f55,5771a4cd-c042-4d56-a5aa-173221436aea,2026-06-26T04:08:19.522677Z
857e1195-1786-4c55-b9f5-ed76c1708de8,0a2fa5ea-f892-45c8-b826-a27b961cb66a,2026-06-26T06:08:19.522677Z
5dc5944b-bab7-4c45-aebe-c4a7691e08d4,07c07fd3-55be-4191-ae5e-af50adc22968,2026-06-26T07:08:19.522677Z
49b512a0-194e-4337-bbf3-4eff7f5aa115,479823cd-dafb-49ce-bd47-db4a42e89f7e,2026-06-26T09:08:19.522677Z
f987a0af-d62e-45b6-b5f0-2b3d775c7653,29935ce8-363d-4031-8661-f8dc9a162762,2026-06-26T09:08:19.522677Z
b18b7179-b61c-4a1c-bd6c-af4ce8b7bb9e,dfcbf0f3-fec2-4443-8295-f2bf53428e1e,2026-06-26T09:08:19.522677Z
1808f6c4-2550-4ff8-835c-bb68af9228a9,050aba5e-46f2-4929-9844-22965aabb7be,2026-06-26T10:08:19.522677Z
237c7e9d-1aea-4303-8b54-88e9ad6de6d3,ee8fb134-523e-4a96-8375-279c42998ab0,2026-06-26T11:08:19.522677Z
ff73539e-fd40-4878-9cc6-e30573c6c3ae,ee8fb134-523e-4a96-8375-279c42998ab0,2026-06-26T11:08:19.522677Z
d05fbf13-d53f-4b9a-8b60-348f3ea02160,ee8fb134-523e-4a96-8375-279c42998ab0,2026-06-26T13:08:19.522677Z
2137c004-1523-45aa-b8e5-6435d8d3a437,caa8cb0f-2ecd-46e2-9e41-be4d360138be,2026-06-26T13:08:19.522677Z
a775de99-1075-4471-b4c1-a852bb634989,673802ad-2cfb-49e2-8da5-3bf12adedd1a,2026-06-26T16:08:19.522677Z
db59bdde-c8e3-4a0f-9e39-5f50b3eee808,3ae9cea3-e388-413d-bcf5-cb867bb85b41,2026-06-26T16:08:19.522677Z
e8b5d5b3-b1df-4f8a-a40e-3a31ec44c433,011026ab-e354-4c74-b2ad-8f762dfcab5d,2026-06-26T17:08:19.522677Z
62504470-6557-44a8-bad4-cf3cabb7e5e4,0a2fa5ea-f892-45c8-b826-a27b961cb66a,2026-06-26T19:08:19.522677Z
102a9d5e-dc09-426b-9fbd-96d1a850d6d5,5771a4cd-c042-4d56-a5aa-173221436aea,2026-06-26T19:08:19.522677Z
4337bcfc-be42-45af-a998-1dd6432227b1,5771a4cd-c042-4d56-a5aa-173221436aea,2026-06-26T19:08:19.522677Z
bbf76b9f-ba7a-4e12-829b-d2980f3cfca0,011026ab-e354-4c74-b2ad-8f762dfcab5d,2026-06-26T19:08:19.522677Z
4a0a151f-6b78-458d-b952-bc25675f305e,cced8017-ade5-403c-b134-aa54c30ae0a7,2026-06-27T00:08:19.522677Z
a16bb9ca-cf52-460a-b351-f36fea6907ca,3ae9cea3-e388-413d-bcf5-cb867bb85b41,2026-06-27T03:08:19.522677Z
1b68fb99-3b8a-4945-a9ad-d73205494677,011026ab-e354-4c74-b2ad-8f762dfcab5d,2026-06-27T04:08:19.522677Z
ef7ddd1a-40b1-4d70-952e-cddadd2b759a,845daa0e-5cb5-4604-8dea-497af65dddf0,2026-06-27T05:08:19.522677Z
9d71a2ac-44ed-496d-8ba9-df1a33e79f92,dfcbf0f3-fec2-4443-8295-f2bf53428e1e,2026-06-27T05:08:19.522677Z
1916296a-42f9-4d0c-a993-1da76f27f76f,3ae9cea3-e388-413d-bcf5-cb867bb85b41,2026-06-27T06:08:19.522677Z
3e0330b3-9400-4c76-81f2-35c3dd57e111,673802ad-2cfb-49e2-8da5-3bf12adedd1a,2026-06-27T07:08:19.522677Z
b277c4b4-0a5c-4c3f-b863-77f6d4b06baf,e842356d-bb97-47c3-8614-3889f67f9c0d,2026-06-27T08:08:19.522677Z
1a8cf6f7-091b-4781-b260-e60d65891c35,011026ab-e354-4c74-b2ad-8f762dfcab5d,2026-06-27T11:08:19.522677Z
8d251cb0-61fa-4561-82d6-0450b2216cef,f649f199-0798-4744-8e7d-9f49d00a4855,2026-06-27T12:08:19.522677Z
44f4d0bb-d1a5-401b-890e-81ba6f3cd91b,f649f199-0798-4744-8e7d-9f49d00a4855,2026-06-27T12:08:19.522677Z
8e75e46b-dd75-4c92-bd3f-519fd7bbaaf9,d7f49354-9a70-4202-8439-07001c088fd5,2026-06-27T12:08:19.522677Z
e3db93d5-d275-4099-a4df-fdc4e27ea7ec,d7f49354-9a70-4202-8439-07001c088fd5,2026-06-27T12:08:19.522677Z
cc1a772f-41c8-44cc-aa66-6c57bf26f7d2,58b4df20-24d6-4b59-97f1-a788ce2609eb,2026-06-27T12:08:19.522677Z
54a25823-864f-410e-9214-aa05b19b5ce8,e5172389-c844-4c9f-9f90-24bfc2510bf6,2026-06-27T15:08:19.522677Z
3016f7a1-c874-4508-bbe6-cc24fc1b939c,3ae9cea3-e388-413d-bcf5-cb867bb85b41,2026-06-27T15:08:19.522677Z
bde69a77-140c-42c5-b205-7328005e1905,cced8017-ade5-403c-b134-aa54c30ae0a7,2026-06-27T17:08:19.522677Z
3a4f0155-1746-47e1-9db5-a662dd92cecc,0a2fa5ea-f892-45c8-b826-a27b961cb66a,2026-06-27T18:08:19.522677Z
95476efd-2833-41f8-8214-a5f6c8d91403,90a1401e-0043-488d-923c-341f79fb97f0,2026-06-27T18:08:19.522677Z
512a5b7f-715e-4366-bd92-744d4d60564a,8f0b9ced-61ee-4b7a-9186-a999053345c6,2026-06-27T18:08:19.522677Z
52c9d8a0-d152-46e4-83c4-544fb1377dc3,011026ab-e354-4c74-b2ad-8f762dfcab5d,2026-06-27T19:08:19.522677Z
1b687990-17cc-4506-b3e6-d7f321eaa1a6,19a27540-3e6c-4fee-a318-96ff7bb57894,2026-06-27T20:08:19.522677Z
f54c8304-6608-4ca4-b167-c45a3d5304b0,4cf80987-641f-4d0e-91d0-67178b5163d3,2026-06-27T21:08:19.522677Z
a0a2cc10-baaf-4b8a-ba65-a7dff42d982b,0a2fa5ea-f892-45c8-b826-a27b961cb66a,2026-06-27T22:08:19.522677Z
3ca877e2-253e-41ae-b9d5-37f279d152c2,caa8cb0f-2ecd-46e2-9e41-be4d360138be,2026-06-27T22:08:19.522677Z
bfd4f170-86ec-46f6-b86e-a9053beec79a,f649f199-0798-4744-8e7d-9f49d00a4855,2026-06-27T23:08:19.522677Z
55b784aa-1ee3-4805-8169-c2cb8b34989c,c0c7f53a-7f56-4978-aee4-723551069708,2026-06-28T05:08:19.522677Z
15dd409e-a816-4129-811a-14a26506f5eb,90a1401e-0043-488d-923c-341f79fb97f0,2026-06-28T05:08:19.522677Z
2b054201-aa8d-4059-a1ca-0d4683c67f58,29935ce8-363d-4031-8661-f8dc9a162762,2026-06-28T05:08:19.522677Z
65025b75-8f00-44ef-9a05-a3f284683d50,e9396cf3-dee6-4646-b4d0-11ab605a0010,2026-06-28T06:08:19.522677Z
697bb733-b176-4c66-8334-b9b508403a5f,276c3c28-97eb-4958-a263-af38f3d28bf0,2026-06-28T08:08:19.522677Z
3c2a7bef-9483-4653-9c94-76de14f9f339,050aba5e-46f2-4929-9844-22965aabb7be,2026-06-28T09:08:19.522677Z
ddb07dcf-b8a3-4538-8490-f1ddf88aee65,cced8017-ade5-403c-b134-aa54c30ae0a7,2026-06-28T09:08:19.522677Z
6167cca5-63ab-41b6-871d-9c8a2f690f15,94eff63b-8b86-4ddb-9469-ab4c3b28119c,2026-06-28T09:08:19.522677Z
f92eb9bb-b319-439b-bd5d-0eeaa7e0334a,92c23229-72c3-4bd2-acaf-b9ee7221a880,2026-06-28T12:08:19.522677Z
86bb9591-1f50-4ed6-9eb9-6f83f609b18c,dfcbf0f3-fec2-4443-8295-f2bf53428e1e,2026-06-28T12:08:19.522677Z
760cdee4-8ec9-424a-8f62-07987b75b6ad,dfcbf0f3-fec2-4443-8295-f2bf53428e1e,2026-06-28T14:08:19.522677Z
fad4299c-311e-4038-a682-022c8037b2bc,008133c6-83ac-4bc4-b7b3-38d64322ac4a,2026-06-28T15:08:19.522677Z
63077960-84e8-431b-acb7-8f69b1c7a270,011026ab-e354-4c74-b2ad-8f762dfcab5d,2026-06-28T16:08:19.522677Z
46dc8b42-7b69-4911-bff1-9aa49cbdc837,011026ab-e354-4c74-b2ad-8f762dfcab5d,2026-06-28T19:08:19.522677Z
f3c3cdc9-611b-4be0-b27d-aea71ebab3f5,050aba5e-46f2-4929-9844-22965aabb7be,2026-06-28T20:08:19.522677Z
9a0a180b-038e-469e-9631-26485c3d5d47,8184ea4b-92c9-40e0-ba92-c55fcb3f18bd,2026-06-28T20:08:19.522677Z
2ab5e02b-bb59-4208-b50a-66eb10b50dc0,07c07fd3-55be-4191-ae5e-af50adc22968,2026-06-28T20:08:19.522677Z
f542f7a6-21fb-4127-b385-1dd3d96634cf,cced8017-ade5-403c-b134-aa54c30ae0a7,2026-06-28T21:08:19.522677Z
d6861060-2274-401b-9849-37e7563ff5be,58b4df20-24d6-4b59-97f1-a788ce2609eb,2026-06-28T21:08:19.522677Z
47e4f4e4-79ca-441c-a0b0-ce837759c88e,90a1401e-0043-488d-923c-341f79fb97f0,2026-06-29T00:08:19.522677Z
47ad596b-582c-432f-bb67-c26dda0a9b3e,050aba5e-46f2-4929-9844-22965aabb7be,2026-06-29T01:08:19.522677Z
9c73a225-0b1b-438b-8443-82c5bbaf038d,050aba5e-46f2-4929-9844-22965aabb7be,2026-06-29T03:08:19.522677Z
94889f85-e25b-4b4f-a663-9e819530158b,c0c7f53a-7f56-4978-aee4-723551069708,2026-06-29T03:08:19.522677Z
e0ba7bf9-89d9-4e9e-912e-cd10caad4b03,0a2fa5ea-f892-45c8-b826-a27b961cb66a,2026-06-29T07:08:19.522677Z
dab97488-9562-4a30-83ea-157603f09a99,dfcbf0f3-fec2-4443-8295-f2bf53428e1e,2026-06-29T07:08:19.522677Z
44feedb3-b5f8-4a00-9d77-a664af847c9e,4ef78603-2fc5-47ea-bf1f-696819ed4bee,2026-06-29T08:08:19.522677Z
7ba6e863-b27e-4a19-b477-dccbc8a60198,4f76e71c-5c1f-4771-bbe3-9cd80cf93bd0,2026-06-29T08:08:19.522677Z
921ae578-8ece-48c6-bb8f-adfe73c01527,0a2fa5ea-f892-45c8-b826-a27b961cb66a,2026-06-29T10:08:19.522677Z
a5ecdf6f-0230-43f1-91f2-cc88aca26280,673802ad-2cfb-49e2-8da5-3bf12adedd1a,2026-06-29T12:08:19.522677Z
27eeb82b-d73a-4370-b734-80dc27a8d75d,4ef78603-2fc5-47ea-bf1f-696819ed4bee,2026-06-29T13:08:19.522677Z
db127f00-f854-40c3-87d9-08b5efce05f7,dfcbf0f3-fec2-4443-8295-f2bf53428e1e,2026-06-29T13:08:19.522677Z
001a2dc5-94f4-4146-852d-0e1d11dc43e9,e9396cf3-dee6-4646-b4d0-11ab605a0010,2026-06-29T14:08:19.522677Z
2160713b-49a2-4e52-8868-2be0d0ce8233,73eac909-e493-4d00-83ef-5b0846fe9b33,2026-06-29T15:08:19.522677Z
1366556b-cf1c-470f-b9b7-249db94f89e5,caa8cb0f-2ecd-46e2-9e41-be4d360138be,2026-06-29T15:08:19.522677Z
45a0a5ac-25c5-4917-a5ca-3f54985c2553,4ef78603-2fc5-47ea-bf1f-696819ed4bee,2026-06-29T16:08:19.522677Z
beb7b249-cac3-41e5-a1af-677baebec06a,f649f199-0798-4744-8e7d-9f49d00a4855,2026-06-29T17:08:19.522677Z
56faed62-72b4-485c-86c4-dd007d6ddf9b,97f8f9a5-dd25-4a6f-bc3d-7d8cd9544bf3,2026-06-29T17:08:19.522677Z
c94bf450-93af-44f0-8fc1-94c9e9e5bf2a,07c07fd3-55be-4191-ae5e-af50adc22968,2026-06-29T17:08:19.522677Z
1ec2a643-246b-4a1b-8875-64a23fcf7657,673802ad-2cfb-49e2-8da5-3bf12adedd1a,2026-06-29T18:08:19.522677Z
8857ad7f-2295-4a06-bae1-fd5e360c02ca,f649f199-0798-4744-8e7d-9f49d00a4855,2026-06-29T20:08:19.522677Z
92971eb2-b419-4866-b7fd-5101c6eae177,0a2fa5ea-f892-45c8-b826-a27b961cb66a,2026-06-29T20:08:19.522677Z
417957d0-be0f-4d6c-9cc8-d68b8aa55171,0a2fa5ea-f892-45c8-b826-a27b961cb66a,2026-06-29T20:08:19.522677Z
e0eb689a-bf07-47cb-9eb8-f12f8e0c1dd1,cf6aafcb-7e2b-4dbe-aaf2-1936d3e84cc7,2026-06-29T23:08:19.522677Z
919e3f71-422e-438c-bc4c-52c8b58f1aed,c0c7f53a-7f56-4978-aee4-723551069708,2026-06-29T23:08:19.522677Z
fcd7272c-3586-4407-a1b2-dcc8195bd19a,04eddcb1-af52-47c4-abc2-f000f8895385,2026-06-30T02:08:19.522677Z
83375897-a424-4fc9-94d3-1fef7bb7dd24,4ef78603-2fc5-47ea-bf1f-696819ed4bee,2026-06-30T03:08:19.522677Z
e2a087dc-6404-406e-b6c4-9a94fe45f4d9,c0c7f53a-7f56-4978-aee4-723551069708,2026-06-30T03:08:19.522677Z
52a11953-fa6e-45b5-8614-aeb2ad9156cf,ba8ab04c-4966-4b71-b88a-e1e54987afb2,2026-06-30T04:08:19.522677Z
4020b894-31a0-4532-8926-b69ea5046d06,673802ad-2cfb-49e2-8da5-3bf12adedd1a,2026-06-30T05:08:19.522677Z
4dedb3eb-10df-4dc9-9445-d1847492da86,04eddcb1-af52-47c4-abc2-f000f8895385,2026-06-30T05:08:19.522677Z
223e0afb-03b0-4492-adab-7d0ec8b3ac98,90a1401e-0043-488d-923c-341f79fb97f0,2026-06-30T08:08:19.522677Z
636fa680-7132-4296-8560-1ab46b0080f0,a73a4c5a-8381-4e36-acf1-b592644a0aa7,2026-06-30T09:08:19.522677Z
60ebd64e-3367-40c4-b9b5-86c8217831fa,efb41d09-fbc0-4741-88cb-44ba770ed3ee,2026-06-30T10:08:19.522677Z
6644cb5a-35a4-411e-80c5-083f0b43c3cb,a5e5becf-3978-4ff0-90a7-a6c1aacbffd4,2026-06-30T10:08:19.522677Z
f7804759-a0fd-4ab7-ba7e-7475c604e2aa,61f2b162-38e0-4577-927e-fea0335d8d5e,2026-06-30T12:08:19.522677Z
10d19888-9cb6-4c2a-87c6-bc3cec733d8a,e9396cf3-dee6-4646-b4d0-11ab605a0010,2026-06-30T12:08:19.522677Z
6e41594f-ca2a-408c-a64a-43c6303147eb,4ef78603-2fc5-47ea-bf1f-696819ed4bee,2026-06-30T13:08:19.522677Z
d0ab6c84-36d9-40f9-8f75-36fcceb49d99,58b4df20-24d6-4b59-97f1-a788ce2609eb,2026-06-30T15:08:19.522677Z
30a0a4f0-77b4-47c8-8c35-1b8c53a77ef9,ad524694-8ec9-4af0-87ff-894cba6b3540,2026-06-30T17:08:19.522677Z
d9492258-5db7-4c59-8a6e-132825d46dd9,182bde07-ad9e-4d2c-821e-358802dcf61f,2026-06-30T19:08:19.522677Z
94ef6cbf-9bce-4924-9ac9-747d11752e77,5923bb5d-ab30-4407-b8d0-a4756c2c7a0b,2026-06-30T20:08:19.522677Z
1c35d1dc-1d45-4f97-b14c-62485759d0af,4ef78603-2fc5-47ea-bf1f-696819ed4bee,2026-06-30T21:08:19.522677Z
bbec6d43-86ba-4d45-af87-e06d25b42e9d,6f0a6206-45e8-4581-9ab7-f1b703b40ad4,2026-06-30T21:08:19.522677Z
ba8a9c26-c8aa-4186-b090-4e7f36356445,58b4df20-24d6-4b59-97f1-a788ce2609eb,2026-06-30T21:08:19.522677Z
f2194d8e-3024-4ac8-8305-29217672f122,4ef78603-2fc5-47ea-bf1f-696819ed4bee,2026-07-01T00:08:19.522677Z
d0faacb6-e264-4ad0-a13b-e19692268403,770d3cec-12d0-4b6c-85d3-274470208c6f,2026-07-01T01:08:19.522677Z
41b7b4d9-129b-4edc-a151-e4b317de9bd4,4ef78603-2fc5-47ea-bf1f-696819ed4bee,2026-07-01T02:08:19.522677Z
9e3d022b-142a-4be3-a99a-87f428c14ad9,edae4e01-5f07-4967-b681-88509a1aff4f,2026-07-01T03:08:19.522677Z
2781cf66-6d45-45e6-a1dc-ddd2f5ddc779,798e52a3-36f4-4741-abdf-a15297fb5499,2026-07-01T09:08:19.522677Z
3e19a3d1-73a4-46c9-b0fa-d2cf12e04c08,cd5ec6eb-eaa2-4c63-87d3-8610427fb668,2026-07-01T09:08:19.522677Z
7d3259d0-3323-4c1b-acc8-0002ef21c453,8184ea4b-92c9-40e0-ba92-c55fcb3f18bd,2026-07-01T09:08:19.522677Z
e319407b-76a5-4add-bce0-884730b0fbb7,4ef78603-2fc5-47ea-bf1f-696819ed4bee,2026-07-01T11:08:19.522677Z
24c7c52d-2ce2-403b-af21-f177c9896a1d,9963b322-982e-4def-a2d5-c72da72df34d,2026-07-01T14:08:19.522677Z
ceace733-6bff-4d63-a689-e5c0216ff096,76e9de7a-db7c-4917-9795-1f28d89199a2,2026-07-01T15:08:19.522677Z
f082353e-34f7-42a3-8381-5c76dd976909,2e279665-8b3f-455f-a70f-3b6c43fa2f06,2026-07-01T15:08:19.522677Z
82b9701d-a7c8-4fb0-bf8f-2a5b80f9ea5e,dbb781cd-f740-43dd-b506-0862d1fea9f8,2026-07-01T17:08:19.522677Z
07fc72eb-fb0f-4a91-b804-1bbfba2d99bc,c450578b-0bec-4905-b20e-821de75d52f6,2026-07-01T18:08:19.522677Z
fc9916d6-4e54-4e28-b3f9-2bd3abbc673b,90a1401e-0043-488d-923c-341f79fb97f0,2026-07-01T18:08:19.522677Z
d4b61e8d-ccaf-4438-bbff-1f1cf88175e3,58b4df20-24d6-4b59-97f1-a788ce2609eb,2026-07-01T20:08:19.522677Z
c6d84478-ed13-4acd-bc9f-d4700c7c4778,cd5ec6eb-eaa2-4c63-87d3-8610427fb668,2026-07-01T23:08:19.522677Z
1c2725ca-49ec-450f-858f-203b7cf30cd7,ba8ab04c-4966-4b71-b88a-e1e54987afb2,2026-07-02T00:08:19.522677Z
d1be5b51-1027-4434-99f5-aef0a6e79c74,78ec8621-1886-4e1c-a514-5a545cb42057,2026-07-02T01:08:19.522677Z
8fe67f36-e83f-4f99-a912-4c9f88b060a7,76e9de7a-db7c-4917-9795-1f28d89199a2,2026-07-02T03:08:19.522677Z
7a73779c-b0a5-493f-9555-0787f7e71759,197ba2b6-810d-4834-bcf6-9afac1dd44d0,2026-07-02T03:08:19.522677Z
ca93ba8f-4129-42a8-8217-49ae96cc3b2f,3934842b-c027-4ed5-8b94-32a53516beba,2026-07-02T04:08:19.522677Z
a8285165-7086-4481-af3c-33405d5178be,1fa20179-dc96-4adf-b9c7-e35018f1b885,2026-07-02T06:08:19.522677Z
ff3b6cf7-b2a0-47d2-a05b-5dd64c825e1e,4ef78603-2fc5-47ea-bf1f-696819ed4bee,2026-07-02T07:08:19.522677Z
cc9efe4b-e86a-4fa5-91d2-69e181179ab3,f459bc6b-8770-48b6-b12d-2b9d5adc9189,2026-07-02T07:08:19.522677Z
95205d77-2950-4593-b919-84a982d6c655,66653d34-322f-40cd-9da2-5b56f3df3a6b,2026-07-02T08:08:19.522677Z
6fbe9484-9866-47e5-945e-69e2d0b47701,7b50d88c-0bdf-4f11-8706-31aabf400a89,2026-07-02T08:08:19.522677Z
10318682-033e-4eaa-9b42-f612b0b9cf4a,4ef78603-2fc5-47ea-bf1f-696819ed4bee,2026-07-02T11:08:19.522677Z
29f220de-df12-437c-b1bb-ca163394a92f,9e6297b2-892c-4dd4-a42a-5c2bda4957ee,2026-07-02T11:08:19.522677Z
913b52f8-28b5-4af4-8af6-80c6e304c035,e9396cf3-dee6-4646-b4d0-11ab605a0010,2026-07-02T15:08:19.522677Z
4cb205bf-cd86-49d2-afa2-330b58669d98,78ec8621-1886-4e1c-a514-5a545cb42057,2026-07-02T16:08:19.522677Z
9c8f4465-8fb7-4a35-830d-e923be0c673d,1b1d1537-5279-4a51-a242-5f809c007275,2026-07-02T22:08:19.522677Z
42e2fb4a-6adb-4e89-bcec-5293eecd877a,4ef78603-2fc5-47ea-bf1f-696819ed4bee,2026-07-03T01:08:19.522677Z
ea81a102-53ae-4c88-81f1-fae2eda81ae9,f721ca78-2ffe-4d36-a371-8ae9f2c10a54,2026-07-03T01:08:19.522677Z
87514e9a-2b04-4223-9f30-c8530b0c8247,1fa20179-dc96-4adf-b9c7-e35018f1b885,2026-07-03T01:08:19.522677Z
aad76ff9-3cdc-408e-a920-b39c7f22cea3,4ef78603-2fc5-47ea-bf1f-696819ed4bee,2026-07-03T02:08:19.522677Z
25320fd7-97b9-4796-a1b6-da8123857761,29996a0b-9325-442c-a15d-91f7c0726721,2026-07-03T04:08:19.522677Z
504fee4c-6287-4a46-b4b5-6345b0adbdb3,76e9de7a-db7c-4917-9795-1f28d89199a2,2026-07-03T09:08:19.522677Z
a3996f7d-2e59-4691-add5-9aa739024a54,2e279665-8b3f-455f-a70f-3b6c43fa2f06,2026-07-03T10:08:19.522677Z
9c0f94f4-6cb1-4b0e-becb-e445d16a5b8c,b956d5d9-66ad-4b26-8899-25966ac87729,2026-07-03T11:08:19.522677Z
063ed70a-c359-4334-9fc1-982bc8bba397,1fa20179-dc96-4adf-b9c7-e35018f1b885,2026-07-03T11:08:19.522677Z
8666c37a-1d2d-4f79-b934-0c64b501d2a6,5c3a1593-0753-49a8-9ca6-c5aef9729761,2026-07-03T14:08:19.522677Z
d0bb1bc6-05d4-4edd-97af-8a9e1386bbd2,a66017f8-d005-4300-8e04-0c84e9123b36,2026-07-03T17:08:19.522677Z
c673c656-5a5f-408c-b4b7-d98da14162eb,04eddcb1-af52-47c4-abc2-f000f8895385,2026-07-03T17:08:19.522677Z
05cb14dc-4881-44ba-ab91-39292120a05f,52f9fcd3-21db-47c2-b0d7-bc78bb875fc4,2026-07-03T19:08:19.522677Z
a6a2afaa-53e8-4777-ae33-da85cc85bafa,1fa20179-dc96-4adf-b9c7-e35018f1b885,2026-07-03T20:08:19.522677Z
869bd4a4-30ee-4caf-9feb-7113fe47a1cf,1fa20179-dc96-4adf-b9c7-e35018f1b885,2026-07-03T21:08:19.522677Z
63b06330-8ef0-4b92-aacd-3f284a61bd99,787834d7-61a7-40a8-8fef-925cd37e41eb,2026-07-03T23:08:19.522677Z
3d1ac15e-a257-48a5-a59c-abf12dfe378e,3934842b-c027-4ed5-8b94-32a53516beba,2026-07-03T23:08:19.522677Z
366fa52f-fc3e-4857-9fd9-611cc2f7c167,fddb5b3f-3890-4542-af08-48855f44f938,2026-07-04T00:08:19.522677Z
6bf6eacc-6648-40f2-9163-f91c856876e2,8fab2821-a83c-49a4-9239-2dbc63b584c7,2026-07-04T01:08:19.522677Z
553eebdc-5e6c-4fd5-b2f7-68e8112c6224,2e279665-8b3f-455f-a70f-3b6c43fa2f06,2026-07-04T01:08:19.522677Z
fb6bf6ba-2512-473e-9bd1-4d1522dfefb9,384158ea-1587-4b2e-8eda-f0f3a7d04e49,2026-07-04T02:08:19.522677Z
ee668593-71e4-4410-a819-c89f1e904bc1,2e279665-8b3f-455f-a70f-3b6c43fa2f06,2026-07-04T02:08:19.522677Z
c7c68922-c321-4d33-a7b8-22d116dfefaa,1fa20179-dc96-4adf-b9c7-e35018f1b885,2026-07-04T03:08:19.522677Z
6813ecf4-c678-4abe-9d8e-582579879070,1fa20179-dc96-4adf-b9c7-e35018f1b885,2026-07-04T03:08:19.522677Z
fe6365ef-f698-4dfd-ad49-ba912400e49d,ff0e25b5-d969-4e05-b5ab-57844788f974,2026-07-04T04:08:19.522677Z
5d5c3484-b08e-4a85-bc0a-eef7791302d8,9e6297b2-892c-4dd4-a42a-5c2bda4957ee,2026-07-04T04:08:19.522677Z
6a843b30-c1b7-4634-a68a-30143802304a,47a167e8-2044-4b0e-85dd-90e1008bc6db,2026-07-04T05:08:19.522677Z
9441078e-e065-4d19-91d6-81fdbe8c4f8b,1fa20179-dc96-4adf-b9c7-e35018f1b885,2026-07-04T07:08:19.522677Z
155a787a-2eb2-41f9-9ca4-ab9bcd516b38,78ec8621-1886-4e1c-a514-5a545cb42057,2026-07-04T08:08:19.522677Z
781cbac4-1f04-4136-aea3-dd9bc7afdf6e,2e279665-8b3f-455f-a70f-3b6c43fa2f06,2026-07-04T08:08:19.522677Z
8bf75ac9-1834-478b-950f-2b08c3774d6c,2334625b-a9db-4fd8-9b2c-2b8de174f663,2026-07-04T08:08:19.522677Z
5544bc59-6da8-4733-bdce-7608cba3706e,384158ea-1587-4b2e-8eda-f0f3a7d04e49,2026-07-04T10:08:19.522677Z
f460f849-3424-4e44-8184-782a2f5a0b70,9ea4f2d8-2585-4ce8-8547-2e6ab805cc70,2026-07-04T10:08:19.522677Z
6ff2c9ab-68cd-4316-91f8-dd84ce0868c1,2e279665-8b3f-455f-a70f-3b6c43fa2f06,2026-07-04T10:08:19.522677Z
62f68e15-391f-4a29-b90f-6ec8531152e6,1fa20179-dc96-4adf-b9c7-e35018f1b885,2026-07-04T12:08:19.522677Z
5def2e25-d424-4961-9321-8cf16c2b6ddd,76e9de7a-db7c-4917-9795-1f28d89199a2,2026-07-04T12:08:19.522677Z
ec192186-64c8-42de-986f-a8e0beb9d9e2,199faaf8-6583-4837-bc43-8577f2555e7c,2026-07-04T13:08:19.522677Z
66b99f49-cef0-48e4-9209-4d2c73b9b6f1,7b50d88c-0bdf-4f11-8706-31aabf400a89,2026-07-04T13:08:19.522677Z
0775d93d-c13f-497c-b4b7-7ce6e5a98a5d,a1dab4a5-6ce6-4a47-85ed-66da7487c535,2026-07-04T14:08:19.522677Z
09ec0b73-e5f9-4540-b064-c10f9e81b011,47a167e8-2044-4b0e-85dd-90e1008bc6db,2026-07-04T15:08:19.522677Z
cf3671f9-33f3-41db-9937-2159c4e36cd2,6152f879-9135-46c5-a2d2-1521bada3f6c,2026-07-04T15:08:19.522677Z
1d4c70b8-13bd-452d-b387-2703d68da8c3,66653d34-322f-40cd-9da2-5b56f3df3a6b,2026-07-04T16:08:19.522677Z
9cfe4532-1022-48df-988b-1eb93102bad2,2334625b-a9db-4fd8-9b2c-2b8de174f663,2026-07-04T21:08:19.522677Z
5260e1e4-4d95-40c2-a741-5e3a7dde3514,384158ea-1587-4b2e-8eda-f0f3a7d04e49,2026-07-05T01:08:19.522677Z
3cf11ba9-828a-4e5a-a8d5-04ff1106edee,307bd118-3b2a-4203-a17e-3c4a95bda668,2026-07-05T02:08:19.522677Z
0f6da00d-680b-48a3-b388-fef531dcf56d,fac21ca9-9368-4472-b9b1-c8fd38ee49f2,2026-07-05T02:08:19.522677Z
62022684-42a5-42fd-9e82-418cbc7a4061,1fa20179-dc96-4adf-b9c7-e35018f1b885,2026-07-05T02:08:19.522677Z
7de4b42d-7a7c-4a72-bb43-1162926ff82f,9b5391a6-6447-4f30-aa0d-cfd5fa598c30,2026-07-05T02:08:19.522677Z
138ec7d1-d6ce-47e4-b324-159c60048a6d,c2cdff8b-5efa-4762-b158-84b8d3915d29,2026-07-05T04:08:19.522677Z
2c5dc3e9-88c4-4932-8803-51ab105dbee6,df06240d-7d6d-413a-9e7e-e61e55d5407a,2026-07-05T05:08:19.522677Z
89b23de2-f3e1-4d66-b21a-5f27737abe6e,ba8ba806-afe5-4d4b-be01-1602625ad707,2026-07-05T06:08:19.522677Z
f03cabf8-eb85-4c58-a2f5-01af025a826d,7b50d88c-0bdf-4f11-8706-31aabf400a89,2026-07-05T06:08:19.522677Z
8d2d2450-56a0-41c0-b6fb-66d733b70d0a,cd5ec6eb-eaa2-4c63-87d3-8610427fb668,2026-07-05T07:08:19.522677Z
cac43046-eb61-42f3-9170-6de3c5fe544a,9e6297b2-892c-4dd4-a42a-5c2bda4957ee,2026-07-05T07:08:19.522677Z
d89a2e0a-d2b3-4859-a6f0-9664000561b2,d6886997-1d74-4824-b533-3e3aaae442da,2026-07-05T09:08:19.522677Z
33cf95a5-0154-43d1-8f86-97143a97f909,eb860b57-d7b8-44bc-b6bb-a2b428dd6dc2,2026-07-05T10:08:19.522677Z
d8fef51e-de56-4a67-a338-de308116efe4,2e279665-8b3f-455f-a70f-3b6c43fa2f06,2026-07-05T11:08:19.522677Z
91f77bf5-ff4f-47f7-8510-b25ee6cb5089,2e279665-8b3f-455f-a70f-3b6c43fa2f06,2026-07-05T11:08:19.522677Z
e858e07e-f5c9-42d8-9a16-af2dee408780,1fa20179-dc96-4adf-b9c7-e35018f1b885,2026-07-05T12:08:19.522677Z
93074bd2-6f5f-4839-88e0-c047cbb74bd6,d6886997-1d74-4824-b533-3e3aaae442da,2026-07-05T14:08:19.522677Z
300ae12c-5e67-4177-b408-c8de52c112c4,fddb5b3f-3890-4542-af08-48855f44f938,2026-07-05T17:08:19.522677Z
f85dc155-fbd4-4e96-8d07-2b654c091d98,d6886997-1d74-4824-b533-3e3aaae442da,2026-07-05T18:08:19.522677Z
547082de-88a7-42f5-aea1-3cd4be46beb2,befcfcab-5029-4e5d-ae63-428b7e0df72d,2026-07-05T19:08:19.522677Z
164b0af6-815e-44b9-875b-94901782e62f,7390c33d-1174-4d35-8ab3-6522d345cc92,2026-07-05T23:08:19.522677Z
560b81ab-0f8b-452c-b680-c8321c01b3e3,2e279665-8b3f-455f-a70f-3b6c43fa2f06,2026-07-05T23:08:19.522677Z
49ebb503-ce5a-4466-82a5-a38a845ba923,6b708da9-afb0-4ac9-aba3-56d89d1503de,2026-07-06T01:08:19.522677Z
4e7989e9-fe3e-45fd-b08b-7672f6fdb2d3,6b708da9-afb0-4ac9-aba3-56d89d1503de,2026-07-06T02:08:19.522677Z
da4bf9bd-cabd-4b16-a7f4-621c1edfe5ac,7390c33d-1174-4d35-8ab3-6522d345cc92,2026-07-06T02:08:19.522677Z
e80fc6be-6971-4daa-b9b4-b0e81ff475d2,718c8e87-dccf-4c1e-ac9b-11e0799f703e,2026-07-06T03:08:19.522677Z
1bdd699f-7204-4dd2-b2bb-4895a041226b,99474999-6448-4ac3-9a44-c20ee145ca49,2026-07-06T05:08:19.522677Z
5d524dbb-e572-401b-9ea6-1d58f08782a2,d6886997-1d74-4824-b533-3e3aaae442da,2026-07-06T05:08:19.522677Z
39e033e1-adb5-44d3-a44c-2aa2808c63de,80f063cd-51fd-4f31-85cc-83e55196b66a,2026-07-06T06:08:19.522677Z
99089261-60fa-4704-af44-e646abfeaee3,778d1129-d327-41e7-9120-c1ba27538015,2026-07-06T06:08:19.522677Z
1be377c1-d645-44ba-9e15-428fc0a5a511,4335bbd4-0cb8-46ce-a09f-056c0291f5bf,2026-07-06T08:08:19.522677Z
8cf8f129-c484-4678-a820-725db1b6bfcc,4335bbd4-0cb8-46ce-a09f-056c0291f5bf,2026-07-06T09:08:19.522677Z
6b67f404-c117-4abd-bb60-488c8e97d203,fddb5b3f-3890-4542-af08-48855f44f938,2026-07-06T09:08:19.522677Z
089bade0-49d6-4d9a-af52-b3f555d47126,4335bbd4-0cb8-46ce-a09f-056c0291f5bf,2026-07-06T10:08:19.522677Z
0864376d-3c66-4975-846a-60fc054e5e61,b49efa9e-2b19-49dd-a3cb-f6d76c81fb4d,2026-07-06T12:08:19.522677Z
f0447ff3-1dc4-4845-af6c-689b11e25a9c,4111cff2-fcb1-456f-a62b-2ca45e33fb8a,2026-07-06T12:08:19.522677Z
9e656eb7-afae-457d-8ca0-2e4f40c75f10,384158ea-1587-4b2e-8eda-f0f3a7d04e49,2026-07-06T12:08:19.522677Z
9bc1aa33-24de-4c59-81a9-3d9c9891ca41,d51365c7-d37b-4af9-aeeb-f815179b5e64,2026-07-06T12:08:19.522677Z
3caaea36-5a3f-44a7-9d3f-8b6fc49fc2bf,66345839-7223-4ccc-9019-d5a0358e10b9,2026-07-06T12:08:19.522677Z
b1baa29b-535c-4da0-adf5-4aa4fdd49e80,9b5391a6-6447-4f30-aa0d-cfd5fa598c30,2026-07-06T12:08:19.522677Z
356599e3-96f3-43d9-8906-97ea62cf5ff6,947b8cb6-0ae7-4543-9ee0-39c274d1d62f,2026-07-06T14:08:19.522677Z
1c32cb8d-dc9e-4a6b-b6d3-c5252a245809,99474999-6448-4ac3-9a44-c20ee145ca49,2026-07-06T14:08:19.522677Z
9a20a6a2-41f9-455e-8a6f-711a9b7cbb40,1fa20179-dc96-4adf-b9c7-e35018f1b885,2026-07-06T14:08:19.522677Z
593fa35e-04a2-4910-bea6-99d26cecab4b,5d2de42e-607a-46c2-870f-2621083ead73,2026-07-06T14:08:19.522677Z
33b5faf0-311c-486c-9df1-b6d8181a535c,b49efa9e-2b19-49dd-a3cb-f6d76c81fb4d,2026-07-06T16:08:19.522677Z
f956d2fc-9959-429c-b2df-5e77e0868aaf,fac21ca9-9368-4472-b9b1-c8fd38ee49f2,2026-07-06T16:08:19.522677Z
cdfe01d0-4874-4b31-869f-0d59ea020cb5,384158ea-1587-4b2e-8eda-f0f3a7d04e49,2026-07-06T17:08:19.522677Z
16ed7984-41b6-4abe-b39b-83d5c774e6b2,3fa58533-63c7-4174-b8f3-b83fae3b87c2,2026-07-06T17:08:19.522677Z
1c2871ec-1dff-4dec-8fa2-960dcdcef45c,1fa20179-dc96-4adf-b9c7-e35018f1b885,2026-07-06T18:08:19.522677Z
95791beb-908f-416c-8dec-89cf2e447b9a,d6886997-1d74-4824-b533-3e3aaae442da,2026-07-06T19:08:19.522677Z
95836516-46b6-481d-a85e-b9341c1d9bed,4335bbd4-0cb8-46ce-a09f-056c0291f5bf,2026-07-06T20:08:19.522677Z
94044027-42cd-4569-ad5e-e86cba2747e8,9b5391a6-6447-4f30-aa0d-cfd5fa598c30,2026-07-06T20:08:19.522677Z
79994e8f-0798-4fda-a1e2-ad2420b264ed,7390c33d-1174-4d35-8ab3-6522d345cc92,2026-07-06T21:08:19.522677Z
819c1f79-3dd3-4856-8051-1cfd2d4270a7,4111cff2-fcb1-456f-a62b-2ca45e33fb8a,2026-07-06T22:08:19.522677Z
802da18e-de40-4c7b-b699-7f2a8407efea,c8138fdc-8892-4e24-b139-ca78a28eb91d,2026-07-06T23:08:19.522677Z
63a9d1d8-d67a-402d-9380-f2bffe5f2683,4111cff2-fcb1-456f-a62b-2ca45e33fb8a,2026-07-07T00:08:19.522677Z
624ad039-631f-474f-9b8f-85ce1669d553,384158ea-1587-4b2e-8eda-f0f3a7d04e49,2026-07-07T00:08:19.522677Z
9cdf3ef2-41d6-4bf3-b43a-a74abb492cd8,d51365c7-d37b-4af9-aeeb-f815179b5e64,2026-07-07T00:08:19.522677Z
82655eaf-fb64-4f57-8df4-1e5a41b19a5b,99474999-6448-4ac3-9a44-c20ee145ca49,2026-07-07T00:08:19.522677Z
7ddac277-e3ba-40ed-a86d-e3199058381a,80f063cd-51fd-4f31-85cc-83e55196b66a,2026-07-07T00:08:19.522677Z
4fcb0201-acd6-4086-8bfd-4b81aae46e38,ca110d51-a6f0-44ed-a25a-5268b6e06295,2026-07-07T00:08:19.522677Z
73edf516-0f98-4c92-992f-32213112724e,d79bf86e-fe35-41f9-912a-753f79eba020,2026-07-07T01:08:19.522677Z
3f901570-e447-4b9e-ad9c-ffa5faaa7304,b49efa9e-2b19-49dd-a3cb-f6d76c81fb4d,2026-07-07T02:08:19.522677Z
6358e1c1-2a38-4462-817e-59a73c7956d2,d51365c7-d37b-4af9-aeeb-f815179b5e64,2026-07-07T02:08:19.522677Z
132125f4-d349-4f61-8917-25281cf70979,ba8ba806-afe5-4d4b-be01-1602625ad707,2026-07-07T03:08:19.522677Z
48f99a17-1894-4f4b-a6a1-537dc493b6fe,d6886997-1d74-4824-b533-3e3aaae442da,2026-07-07T03:08:19.522677Z
26d78129-52a7-4da3-a67b-b1f0804c772d,7b50d88c-0bdf-4f11-8706-31aabf400a89,2026-07-07T03:08:19.522677Z
67be8a6d-8e58-4d23-9691-45abbd2687aa,dfde2c30-3d57-4aa2-b33e-30b931e8b484,2026-07-07T03:08:19.522677Z
3a596d37-2fab-4aa8-9f1b-2eb042ad6352,4111cff2-fcb1-456f-a62b-2ca45e33fb8a,2026-07-07T06:08:19.522677Z
9cf6e6f4-1a81-44e4-b167-7c38e8a830de,2334625b-a9db-4fd8-9b2c-2b8de174f663,2026-07-07T06:08:19.522677Z
9effcb0f-8517-4b10-9197-04fb12bf711e,dfde2c30-3d57-4aa2-b33e-30b931e8b484,2026-07-07T07:08:19.522677Z
8e62a495-e332-4f1d-a67f-c2a0897241f4,ca110d51-a6f0-44ed-a25a-5268b6e06295,2026-07-07T07:08:19.522677Z
622c6a0e-ff6d-4747-b9ad-ab0902df35d0,4111cff2-fcb1-456f-a62b-2ca45e33fb8a,2026-07-07T09:08:19.522677Z
02f16a2d-15b4-4f86-8325-bbacf088b9f2,7390c33d-1174-4d35-8ab3-6522d345cc92,2026-07-07T11:08:19.522677Z
b4fcb367-88b0-4ef3-87a6-a09128e11b55,384158ea-1587-4b2e-8eda-f0f3a7d04e49,2026-07-07T12:08:19.522677Z
742c3ded-6adb-4d68-ad70-3e612e94c4ea,7390c33d-1174-4d35-8ab3-6522d345cc92,2026-07-07T13:08:19.522677Z
ac787024-ae93-4fd4-a57f-24b6600911bd,b49efa9e-2b19-49dd-a3cb-f6d76c81fb4d,2026-07-07T14:08:19.522677Z
2fc8bcb5-1ffd-491e-ab01-62b2ea0a44a7,4111cff2-fcb1-456f-a62b-2ca45e33fb8a,2026-07-07T14:08:19.522677Z
e424d87f-58bb-4638-9795-1daf26e61cd4,718c8e87-dccf-4c1e-ac9b-11e0799f703e,2026-07-07T14:08:19.522677Z
f7b87470-ab07-4e4f-aea8-cfac4061770a,9a934c9e-ccfb-4078-9db0-391f5a8779b4,2026-07-07T15:08:19.522677Z
64e17b57-e03d-4fb3-99fe-ea4d9f179881,d6886997-1d74-4824-b533-3e3aaae442da,2026-07-07T15:08:19.522677Z
0e500825-7272-4b56-955b-ecd30f6637c1,ca110d51-a6f0-44ed-a25a-5268b6e06295,2026-07-07T15:08:19.522677Z
1e17c7f8-0cba-4b5a-acb7-63854a4f6e3c,9a934c9e-ccfb-4078-9db0-391f5a8779b4,2026-07-07T16:08:19.522677Z
9e4d9982-ef09-4b24-bf06-4084029ccfd5,7390c33d-1174-4d35-8ab3-6522d345cc92,2026-07-07T17:08:19.522677Z
a58254bf-06e1-45b5-bdb0-28058264c95f,7390c33d-1174-4d35-8ab3-6522d345cc92,2026-07-07T17:08:19.522677Z
1665be94-d88f-4ebe-922b-0a755b7c8fcf,4111cff2-fcb1-456f-a62b-2ca45e33fb8a,2026-07-07T20:08:19.522677Z
bc76f7c4-0a13-47d9-bd23-0d4204169868,fac21ca9-9368-4472-b9b1-c8fd38ee49f2,2026-07-07T21:08:19.522677Z
2cc8edb7-c2bb-4f0a-ae7c-5f5810585809,a21b848e-f778-4898-9fb5-90499515a2e1,2026-07-07T22:08:19.522677Z
b407067a-1b35-4d41-a93b-00321765fed8,d79bf86e-fe35-41f9-912a-753f79eba020,2026-07-07T22:08:19.522677Z
3e39bb45-dd38-4abb-b7a2-c1b914896c36,4111cff2-fcb1-456f-a62b-2ca45e33fb8a,2026-07-07T23:08:19.522677Z
e9980507-d66b-4728-a337-24d1425b3f7a,9a934c9e-ccfb-4078-9db0-391f5a8779b4,2026-07-07T23:08:19.522677Z
71b4a0aa-18ac-4678-b133-e99bd9d161fd,cf0c0c97-e28b-4357-ad98-f2a12156482b,2026-07-08T02:08:19.522677Z
09098b29-7882-460d-9dce-470ac8bb3703,6bcec5dc-51e8-4f0d-b641-86dcaed9c62a,2026-07-08T02:08:19.522677Z
937149da-373f-4731-9fd7-05861137a9b4,6b708da9-afb0-4ac9-aba3-56d89d1503de,2026-07-08T03:08:19.522677Z
4f45755b-f2a8-4888-841e-a65708b1a7df,384158ea-1587-4b2e-8eda-f0f3a7d04e49,2026-07-08T05:08:19.522677Z
5c9f9767-0782-4722-88db-976d23d6b1b1,9a934c9e-ccfb-4078-9db0-391f5a8779b4,2026-07-08T05:08:19.522677Z
45f232ae-7983-4065-bc9b-a57f86800d87,d6886997-1d74-4824-b533-3e3aaae442da,2026-07-08T05:08:19.522677Z
75391423-3f22-4fb3-9ad5-37eb94d06c5b,ed522d76-a125-48e7-8ad8-d4aa1ccdd1aa,2026-07-08T07:08:19.522677Z
8b56b37c-f5c8-4407-9c66-83b3add07eb4,4335bbd4-0cb8-46ce-a09f-056c0291f5bf,2026-07-08T07:08:19.522677Z
b4b20cbb-b1b6-41f8-8f97-9c120f62f247,4335bbd4-0cb8-46ce-a09f-056c0291f5bf,2026-07-08T08:08:19.522677Z
61063691-c739-4ccd-a3d1-ca573f381817,ca110d51-a6f0-44ed-a25a-5268b6e06295,2026-07-08T09:08:19.522677Z
c7daf115-3fc4-40c0-898f-c34b46f362ab,b2a7554c-72de-45fe-a988-46decb8fdc94,2026-07-08T09:08:19.522677Z
a8948cff-973a-4741-b819-a6216df49e34,160f61ec-c856-484c-9c09-ae1dd04b562f,2026-07-08T10:08:19.522677Z
088a530d-efce-45e6-9c71-8afa5c1dcbf1,99474999-6448-4ac3-9a44-c20ee145ca49,2026-07-08T13:08:19.522677Z
5b75ba37-c4da-4823-a99f-962dcb7eed32,4335bbd4-0cb8-46ce-a09f-056c0291f5bf,2026-07-08T13:08:19.522677Z
6b57dd12-143e-42d3-a8ed-7b2eb5ff85b4,384158ea-1587-4b2e-8eda-f0f3a7d04e49,2026-07-08T15:08:19.522677Z
a0275f2b-fbf8-4095-988e-ea8672afe5f1,a4f09a70-0cf5-4a17-88af-f4c3e4bfca09,2026-07-08T15:08:19.522677Z
53554141-88e1-446e-9ae7-c3abd28b63fa,99474999-6448-4ac3-9a44-c20ee145ca49,2026-07-08T15:08:19.522677Z
60a21a63-77fb-4548-a9b9-8cbf0e78be21,d51365c7-d37b-4af9-aeeb-f815179b5e64,2026-07-08T19:08:19.522677Z
e727b7bb-ee60-435a-bbbc-1ef9b6f900dd,a4f09a70-0cf5-4a17-88af-f4c3e4bfca09,2026-07-08T20:08:19.522677Z
5435bf79-55e9-49a8-a9aa-a7da331bb65f,a4f09a70-0cf5-4a17-88af-f4c3e4bfca09,2026-07-08T22:08:19.522677Z
c864e79e-51c4-4508-acf8-da61690b8631,4335bbd4-0cb8-46ce-a09f-056c0291f5bf,2026-07-08T22:08:19.522677Z
8f74470d-ea5f-4138-bc0e-cf7ff0fdd024,99474999-6448-4ac3-9a44-c20ee145ca49,2026-07-09T00:08:19.522677Z
1b4dc8d2-332c-4652-bb30-fd5fc294c263,99474999-6448-4ac3-9a44-c20ee145ca49,2026-07-09T00:08:19.522677Z
22e6ea35-174d-4995-9d28-fc006f13298b,ac178743-507e-41c7-880e-e3d10c4cb756,2026-07-09T00:08:19.522677Z
e915f701-459d-4eae-b544-b9027b7b3119,d79bf86e-fe35-41f9-912a-753f79eba020,2026-07-09T01:08:19.522677Z
4ebf73c4-3469-4841-b4d2-a8a32124e8c9,a4f09a70-0cf5-4a17-88af-f4c3e4bfca09,2026-07-09T02:08:19.522677Z
b800a872-b0d4-43b5-aacb-5e8b28803dfa,4111cff2-fcb1-456f-a62b-2ca45e33fb8a,2026-07-09T03:08:19.522677Z
f8196a5c-5671-4222-a559-a1c04839ca64,99474999-6448-4ac3-9a44-c20ee145ca49,2026-07-09T03:08:19.522677Z
6b948268-d15d-4c60-8252-4dca87410a8b,7390c33d-1174-4d35-8ab3-6522d345cc92,2026-07-09T04:08:19.522677Z
4c57aa9f-a534-49cc-a367-60202dfa4379,6b708da9-afb0-4ac9-aba3-56d89d1503de,2026-07-09T05:08:19.522677Z
c88f06de-58e3-43d7-814a-fd06c4ef3944,7390c33d-1174-4d35-8ab3-6522d345cc92,2026-07-09T05:08:19.522677Z
1f0bdd36-eed3-4370-afeb-d52fd28c12f6,a4f09a70-0cf5-4a17-88af-f4c3e4bfca09,2026-07-09T07:08:19.522677Z
f6a1e2d3-140d-4c9f-bab0-e730a2f9015c,d6886997-1d74-4824-b533-3e3aaae442da,2026-07-09T07:08:19.522677Z
9b8a12e7-b9f1-4edb-895c-1e4eba7fd1ce,4df251ef-b83e-42b6-9d7f-b2ff98e0ec13,2026-07-09T08:08:19.522677Z
84253cd1-77b5-4f91-865c-f2fd67170dc8,55bb4483-df77-451c-b200-68c07d7d3ed9,2026-07-09T08:08:19.522677Z
d79fd57d-8c38-4e06-ac8f-e7ec52f49238,d79bf86e-fe35-41f9-912a-753f79eba020,2026-07-09T08:08:19.522677Z
d8835474-4230-4417-a493-0428843a22f6,718c8e87-dccf-4c1e-ac9b-11e0799f703e,2026-07-09T09:08:19.522677Z
1334a9e0-47ce-4dcf-b337-998bd9797173,718c8e87-dccf-4c1e-ac9b-11e0799f703e,2026-07-09T09:08:19.522677Z
24c57aa6-4071-4c7d-97f9-546e66d57848,d6886997-1d74-4824-b533-3e3aaae442da,2026-07-09T10:08:19.522677Z
df7b8170-c335-493b-b073-bd18c3c3fa47,a7974c11-f894-4788-99e7-64e9cbc7d094,2026-07-09T10:08:19.522677Z
76bbf87d-441d-4004-8463-b29ebdb5faec,4111cff2-fcb1-456f-a62b-2ca45e33fb8a,2026-07-09T11:08:19.522677Z
1aeb36c0-2aa8-4176-b824-9c7f267b3f1f,4df251ef-b83e-42b6-9d7f-b2ff98e0ec13,2026-07-09T12:08:19.522677Z
1869ce4a-2ebc-475b-bd47-04591ca01b7a,d79bf86e-fe35-41f9-912a-753f79eba020,2026-07-09T13:08:19.522677Z
911fa92b-21bd-43b8-af6b-fc2624895cb8,7390c33d-1174-4d35-8ab3-6522d345cc92,2026-07-09T13:08:19.522677Z
c99bceb5-854b-458a-b2b4-aed15374eeb1,7bb6588d-085c-4be7-824d-caf18c4d1324,2026-07-09T15:08:19.522677Z
92dc8631-bd36-4bab-990b-9b437eeb532c,d9b73653-86b3-4802-904e-68a573a8cf2c,2026-07-09T17:08:19.522677Z
de11cecd-74d3-4e60-b08d-1d451cb0a14a,4111cff2-fcb1-456f-a62b-2ca45e33fb8a,2026-07-09T19:08:19.522677Z
fd4ee32b-b4e2-42e3-98da-65cb9568cf7e,4335bbd4-0cb8-46ce-a09f-056c0291f5bf,2026-07-09T19:08:19.522677Z
c426f5a1-005b-4967-84dd-5ce120d6b20c,cface83d-d715-4552-99dc-e1cc21017349,2026-07-09T19:08:19.522677Z
4d327813-ab62-43d4-93d9-c2f515b3dd93,b2a7554c-72de-45fe-a988-46decb8fdc94,2026-07-09T19:08:19.522677Z
6cc5c43f-a78c-415c-853c-347fb50ce78b,4111cff2-fcb1-456f-a62b-2ca45e33fb8a,2026-07-09T20:08:19.522677Z
0d7feefa-e9e2-4f4d-9638-7e07852ce92f,3fa58533-63c7-4174-b8f3-b83fae3b87c2,2026-07-09T22:08:19.522677Z
a9467227-0034-43ab-9a37-129bb8bbfdaf,4335bbd4-0cb8-46ce-a09f-056c0291f5bf,2026-07-09T22:08:19.522677Z
1020c4af-7ec7-49ab-b4e8-4c1ff34ac9e2,4335bbd4-0cb8-46ce-a09f-056c0291f5bf,2026-07-09T23:08:19.522677Z
9f999851-1904-45ec-8d28-6267e9074ff1,7390c33d-1174-4d35-8ab3-6522d345cc92,2026-07-10T00:08:19.522677Z
03c61e86-9fc2-4709-b064-19af63183edd,b2a7554c-72de-45fe-a988-46decb8fdc94,2026-07-10T00:08:19.522677Z
8ee50a9c-c5be-42ea-b78c-381ba59647c9,4df251ef-b83e-42b6-9d7f-b2ff98e0ec13,2026-07-10T02:08:19.522677Z
21445766-fa26-4594-ba05-784128ca6897,64b52ec3-b81b-4628-9f79-d701178b5684,2026-07-10T02:08:19.522677Z
b34df145-d9d1-48b9-8274-f4e4b041adcc,b2a7554c-72de-45fe-a988-46decb8fdc94,2026-07-10T02:08:19.522677Z
ac8fe376-0789-4d3e-92c6-cbc39036c6ff,4335bbd4-0cb8-46ce-a09f-056c0291f5bf,2026-07-10T03:08:19.522677Z
1d248eb9-91f4-492c-abe8-80ef37efd03f,86d98ac5-9997-4ae1-af47-0693c951dc69,2026-07-10T06:08:19.522677Z
51a888d1-d074-4b98-b821-19df0f40de3b,55bb4483-df77-451c-b200-68c07d7d3ed9,2026-07-10T08:08:19.522677Z
bbb2495d-feed-4296-8803-18a53134cbf8,4674bdb6-2b19-4afd-8517-6318a7a03942,2026-07-10T08:08:19.522677Z
7e5d899f-7b2e-4993-8e9b-026ab0332b5e,9700c5d7-7510-4de7-8c0d-ab6bf401ba21,2026-07-10T08:08:19.522677Z
810e8c03-4d1e-4d0c-a226-7c99869257c0,e585718d-26c3-4de6-aecf-5578c9c074f1,2026-07-10T09:08:19.522677Z
5a792758-1bbe-4677-9de8-158a1c9a499e,b2a7554c-72de-45fe-a988-46decb8fdc94,2026-07-10T10:08:19.522677Z
7f486bf3-5427-47c4-a32a-ef1d36383415,4df251ef-b83e-42b6-9d7f-b2ff98e0ec13,2026-07-10T11:08:19.522677Z
63a3a6cf-db7a-4b06-87dd-944c809aa132,b2a7554c-72de-45fe-a988-46decb8fdc94,2026-07-10T11:08:19.522677Z
a7c9aecd-89ff-4872-a6f6-9cb0711af2f0,dcc20978-b7d7-4a3d-8cc0-cc30a915e743,2026-07-10T11:08:19.522677Z
5e298af5-293f-452a-be01-0f4b2ced615e,932da501-fc80-4774-9534-84a90e91a175,2026-07-10T12:08:19.522677Z
89315e58-e9a8-4f27-b09c-eaeb877a8c06,e337c429-8fcf-4300-b73a-8dda3840e7a5,2026-07-10T13:08:19.522677Z
5f450bc3-0d1e-477c-9e10-0adb4aebdc3e,4335bbd4-0cb8-46ce-a09f-056c0291f5bf,2026-07-10T13:08:19.522677Z
198ffadf-70f2-4ed7-92af-8a83f6b441c5,7390c33d-1174-4d35-8ab3-6522d345cc92,2026-07-10T15:08:19.522677Z
b6796ec8-93b5-495b-bc85-52eced82f6c4,533f520c-d584-4ea1-aa1a-85501c836226,2026-07-10T15:08:19.522677Z
7d4ac3d0-eb26-49e1-b227-5784786fc6df,ac5121c7-43d5-413c-bc10-b164901e7f66,2026-07-10T15:08:19.522677Z
2d03eb39-3c08-4449-bf2d-ca132eaa967c,7eff0f88-b326-4d3b-a643-62f8b44ddc39,2026-07-10T17:08:19.522677Z
5e2e9980-0be6-4c9e-ac8e-346b8b1990de,4df251ef-b83e-42b6-9d7f-b2ff98e0ec13,2026-07-10T21:08:19.522677Z
b9e48d54-58bb-41a6-93bd-8832049d2a79,07787ed2-ebf3-48e7-9d88-48f6072342b5,2026-07-10T22:08:19.522677Z
8815f7f5-df55-433c-b26e-2ec8ac350886,ed522d76-a125-48e7-8ad8-d4aa1ccdd1aa,2026-07-10T22:08:19.522677Z
43c03bc3-89e1-4789-940d-f226ac4e4467,b978b738-b59a-4864-a282-cb0407510dce,2026-07-10T23:08:19.522677Z
508123d4-32f2-440f-b0aa-c353113b4abd,4335bbd4-0cb8-46ce-a09f-056c0291f5bf,2026-07-11T00:08:19.522677Z
2747d32e-1bee-43a2-b7ee-006bbc2f3047,bac3a480-bbdb-4e73-bb43-cab5d9f51d29,2026-07-11T04:08:19.522677Z
8ae89447-fb27-4595-93b0-858dd5739241,07787ed2-ebf3-48e7-9d88-48f6072342b5,2026-07-11T07:08:19.522677Z
9e5d1ba7-2e40-44f6-9f71-b1bf66e75e00,ae579c39-b77e-49ac-b161-dabc145606ec,2026-07-11T07:08:19.522677Z
3ae6bd79-4615-4cc8-adc1-fffa3b16f2c7,e2b4b35b-e679-4af8-977a-90d04b8c02b0,2026-07-11T08:08:19.522677Z
d96d341f-f542-49cf-b046-51c4ba5bc439,fe0abd17-dba9-4c5b-bb25-7bc8e31558ec,2026-07-11T10:08:19.522677Z
5f167ed8-a07f-4ddc-9215-8eefd708620a,0cbf9e24-c763-4a88-9607-c1da99892987,2026-07-11T13:08:19.522677Z
6d1a068f-1ace-4d99-abdc-82568dd71c97,b2a7554c-72de-45fe-a988-46decb8fdc94,2026-07-11T15:08:19.522677Z
03bf8686-19e4-4143-ac34-dab1bde26e93,4df251ef-b83e-42b6-9d7f-b2ff98e0ec13,2026-07-11T17:08:19.522677Z
b536e1f4-07fc-4547-ad13-30f7998c033d,533f520c-d584-4ea1-aa1a-85501c836226,2026-07-11T20:08:19.522677Z
781d2f03-f9df-4557-8cb2-ec976375610e,b978b738-b59a-4864-a282-cb0407510dce,2026-07-11T20:08:19.522677Z
0649e6c7-a153-4c82-aa02-08db6403698c,e337c429-8fcf-4300-b73a-8dda3840e7a5,2026-07-11T21:08:19.522677Z
099ec44e-de98-4f25-9b64-077ed6f2b90a,ee7f3387-9e1a-461e-97c9-2d9c68438dec,2026-07-11T22:08:19.522677Z
f8eea330-2fdc-4fb0-a7ea-d228146e3bf1,4df251ef-b83e-42b6-9d7f-b2ff98e0ec13,2026-07-11T23:08:19.522677Z
944ade43-412d-40d9-a3dd-905a828116fc,6027fe64-9d4d-4f62-a63f-07a574c45407,2026-07-11T23:08:19.522677Z
3a8da65a-e4a4-4cd1-a208-4b0133bb0153,f44b72ef-46e7-4867-881b-dcfb8cb5254c,2026-07-12T00:08:19.522677Z
5e99c4e0-6b70-484f-8598-d6f349dd9aa0,ed522d76-a125-48e7-8ad8-d4aa1ccdd1aa,2026-07-12T01:08:19.522677Z
c97661d4-2383-4a1a-9eda-d5e4348f7518,f44b72ef-46e7-4867-881b-dcfb8cb5254c,2026-07-12T01:08:19.522677Z
e0d9cc91-6021-4bb5-8643-5b4e6997ac55,ac5121c7-43d5-413c-bc10-b164901e7f66,2026-07-12T02:08:19.522677Z
e18d8fd4-8798-4b24-90d8-a81a1dc8dc0a,c782a5a6-2535-44a0-8958-986b76db6ea2,2026-07-12T04:08:19.522677Z
e723bf57-1122-48ca-b9a6-4edfcaa812d5,e6393da6-f7e0-42d0-8c99-b5cda255de76,2026-07-12T04:08:19.522677Z
60c12ce8-7dec-4556-be23-e51cb8a46b10,b2a7554c-72de-45fe-a988-46decb8fdc94,2026-07-12T07:08:19.522677Z
e7836571-9943-4394-b796-40d0a6fa28ce,4df251ef-b83e-42b6-9d7f-b2ff98e0ec13,2026-07-12T09:08:19.522677Z
1fc2aa64-1894-49d2-9680-7d8d35070e01,ed522d76-a125-48e7-8ad8-d4aa1ccdd1aa,2026-07-12T09:08:19.522677Z
08b21424-6877-448a-ba7e-a8980d3c127a,a38b9c83-d85d-49ad-b7f1-cbf001177d97,2026-07-12T10:08:19.522677Z
3838de3b-3b27-4100-8468-178d9e5bc6e9,b2a7554c-72de-45fe-a988-46decb8fdc94,2026-07-12T11:08:19.522677Z
be620385-b222-4708-9706-0e85ed540c68,e7d87a6a-1111-477f-a10f-1fc9548542d9,2026-07-12T13:08:19.522677Z
54631def-0084-4715-8a90-aef4160b06c7,4df251ef-b83e-42b6-9d7f-b2ff98e0ec13,2026-07-12T14:08:19.522677Z
f5fd1b0d-2006-43ef-86a5-372fdb067d34,61a9af72-1d0a-4428-89d9-bb0ec363f8e4,2026-07-12T15:08:19.522677Z
597687e2-5002-4ed1-9fb5-d3ee64f5484b,7b8b45cc-f3d6-4727-939c-d287d1e250b7,2026-07-12T15:08:19.522677Z
cd064cf2-fcff-43f6-9119-b8f1fbefe704,b2a7554c-72de-45fe-a988-46decb8fdc94,2026-07-12T15:08:19.522677Z
1c613cae-6aab-4966-90b5-c4f1f791a367,ac5121c7-43d5-413c-bc10-b164901e7f66,2026-07-12T16:08:19.522677Z
a914464b-6939-4169-9c65-0538f61ffe30,533f520c-d584-4ea1-aa1a-85501c836226,2026-07-12T20:08:19.522677Z
63b8f0c5-ad93-4276-a8fc-0ee2bdabc524,c782a5a6-2535-44a0-8958-986b76db6ea2,2026-07-12T21:08:19.522677Z
263a8827-be84-46ec-b4e3-2c8d4d4df4e6,c063939a-6590-401a-99b9-65e200204af5,2026-07-12T21:08:19.522677Z
c5eff961-8a78-43fa-90ed-732f1acefc88,364eb30d-2ce9-4330-9679-14506bb6412c,2026-07-12T22:08:19.522677Z
3523b72f-26d4-4b00-a672-3ba4c22b56cf,7b8b45cc-f3d6-4727-939c-d287d1e250b7,2026-07-12T23:08:19.522677Z
3afa793e-0e2d-4596-8e59-e912618f67ce,7b8b45cc-f3d6-4727-939c-d287d1e250b7,2026-07-12T23:08:19.522677Z
752b9d5b-3b1d-4a08-b4d9-f7a70ce9b38f,c782a5a6-2535-44a0-8958-986b76db6ea2,2026-07-13T01:08:19.522677Z
a4170049-b2ed-414f-a760-440ce369a81b,c4eac1e7-a2db-469b-90f4-d81f1e992b8f,2026-07-13T01:08:19.522677Z
1e075224-5086-4bae-a348-faaf7b516b61,364eb30d-2ce9-4330-9679-14506bb6412c,2026-07-13T02:08:19.522677Z
220dcce0-e92c-4f70-8b9a-3dc7355527c5,e849aebc-b663-4285-86c4-95cb8c645cc0,2026-07-13T02:08:19.522677Z
0056553a-2930-4389-81a6-e76f05612b0c,b2a7554c-72de-45fe-a988-46decb8fdc94,2026-07-13T03:08:19.522677Z
4340a0a6-036e-4d08-9f46-2ae65abe52fa,c8981d33-3c45-4242-85b8-de984ce10ebb,2026-07-13T04:08:19.522677Z
92ffc7b4-92eb-4e1d-8a51-c52cc183e04e,ca66f453-08ea-4ed9-8ec3-44f80f5b1176,2026-07-13T05:08:19.522677Z
21662c92-f543-4e6d-9e97-c19f7c806e1d,f44b72ef-46e7-4867-881b-dcfb8cb5254c,2026-07-13T05:08:19.522677Z
1206469b-b630-4b0a-be07-d137b6d6e700,80c295ab-d429-4839-a888-0fcf86b5f1e6,2026-07-13T06:08:19.522677Z
d0842e7a-84c7-4705-b3ff-343be6678a26,e2b4b35b-e679-4af8-977a-90d04b8c02b0,2026-07-13T07:08:19.522677Z
1f6c85a5-d1a3-4785-8e43-14ec30a59342,f44b72ef-46e7-4867-881b-dcfb8cb5254c,2026-07-13T07:08:19.522677Z
859ef0de-6b3b-4148-bbc9-abced5fd7472,c8981d33-3c45-4242-85b8-de984ce10ebb,2026-07-13T08:08:19.522677Z
4ebbd6bf-c03f-4219-ae73-c79f1a134acb,c782a5a6-2535-44a0-8958-986b76db6ea2,2026-07-13T09:08:19.522677Z
e88234df-da2e-4d01-801c-ea7451c19072,80c295ab-d429-4839-a888-0fcf86b5f1e6,2026-07-13T10:08:19.522677Z
4f08831e-f10f-4af2-bef9-5947f1fbb954,4df251ef-b83e-42b6-9d7f-b2ff98e0ec13,2026-07-13T14:08:19.522677Z
86e06f6a-7e1b-4742-a695-39ce52571d57,4f16060e-e8b0-4d57-8f96-e7a898d9feca,2026-07-13T15:08:19.522677Z
036c1979-60eb-4a20-9929-7431fceb821d,5031cff5-58b5-4dfc-b178-3162f41eaf15,2026-07-13T16:08:19.522677Z
0b335073-bc53-4bbf-84b2-87d28d2066d9,c8981d33-3c45-4242-85b8-de984ce10ebb,2026-07-13T17:08:19.522677Z
b7665abb-d78d-42af-b091-7226c9a39b45,4df251ef-b83e-42b6-9d7f-b2ff98e0ec13,2026-07-13T18:08:19.522677Z
3d816001-873b-42ba-83ba-31c617e25cbe,a617892c-29da-4df2-ba74-7954bee8bb25,2026-07-13T18:08:19.522677Z
fdca95f5-3c41-4a61-836d-433c829dc059,c782a5a6-2535-44a0-8958-986b76db6ea2,2026-07-13T22:08:19.522677Z
1fc23150-4a91-4377-8d8b-7d21b7e40be1,f10e6036-05c9-4ebb-b623-b158cc8c27c1,2026-07-13T23:08:19.522677Z
e760b54d-dace-4b5a-8c4f-408a70ecf672,c9b2c2ff-b29c-42fc-9a93-f5cf4879b817,2026-07-14T00:08:19.522677Z
c126f608-c51e-4466-a53e-c1f7264d536a,7b8b45cc-f3d6-4727-939c-d287d1e250b7,2026-07-14T00:08:19.522677Z
53c0f2a5-73ca-46ba-a618-f8629124014e,4be0b48f-45a6-4d25-a608-0246949a5247,2026-07-14T01:08:19.522677Z
4a24b2c5-9c8f-40bd-ac14-2ac6de016221,8fe8be90-f25b-447b-9097-6f6a5bafc42f,2026-07-14T01:08:19.522677Z
803792eb-be0e-42f9-99bb-1e203ca4ee74,4102d33c-1deb-4750-9eb7-107018411a32,2026-07-14T02:08:19.522677Z
bf8db74e-0365-45c0-86e1-9ba2306cb1cc,ac5121c7-43d5-413c-bc10-b164901e7f66,2026-07-14T02:08:19.522677Z
09d4b8f2-3f00-42e5-8c99-92430579af52,ac5121c7-43d5-413c-bc10-b164901e7f66,2026-07-14T05:08:19.522677Z
11866ec0-3fa3-4530-82f4-cd4397effe70,7b8b45cc-f3d6-4727-939c-d287d1e250b7,2026-07-14T06:08:19.522677Z
1b78a331-7125-48a8-a14a-7d5fdd3aa5ee,f6e65052-f135-4719-acce-b9f4c427f4bc,2026-07-14T08:08:19.522677Z
5e30ffec-6a30-4c83-a594-966a0ebfc7f4,364eb30d-2ce9-4330-9679-14506bb6412c,2026-07-14T08:08:19.522677Z
3db6592d-f906-4701-a136-f1002d6ea633,7b8b45cc-f3d6-4727-939c-d287d1e250b7,2026-07-14T08:08:19.522677Z
9915dce8-ab38-4776-a83f-fdca2f476d54,f6e65052-f135-4719-acce-b9f4c427f4bc,2026-07-14T09:08:19.522677Z
3f1c7c85-4fc7-4028-995d-58592d70e067,e974d160-863c-48bc-a7d9-6737c094291d,2026-07-14T09:08:19.522677Z
c0ab5ee5-6e59-4fdc-bc26-c752be6eed36,0cbf9e24-c763-4a88-9607-c1da99892987,2026-07-14T10:08:19.522677Z
636b7854-5545-4c52-9784-aa052ef1a501,27be22e1-41a5-476f-93fb-1edbd9262830,2026-07-14T12:08:19.522677Z
d8aef02b-9677-4ade-9908-28f2aeb8b829,e2b4b35b-e679-4af8-977a-90d04b8c02b0,2026-07-14T12:08:19.522677Z
8c50b66f-3ce7-4179-8698-f85e4d4cc9bc,df4b884c-2077-4a93-836a-2e7ef6c9397b,2026-07-14T12:08:19.522677Z
5dc841f3-c15f-44fe-bfda-2d843ea3f621,991622c1-84f6-4350-b1fc-6b9d107b06b1,2026-07-14T12:08:19.522677Z
343e6c75-4514-466f-8b2d-555354e3cb47,533f520c-d584-4ea1-aa1a-85501c836226,2026-07-14T13:08:19.522677Z
b414474b-02dc-4e05-8545-0aa774fbffde,cab3b9ec-ae57-44b9-b029-b9ae7591e730,2026-07-14T14:08:19.522677Z
211220dd-9166-44a8-9a4c-55f07915d642,7b8b45cc-f3d6-4727-939c-d287d1e250b7,2026-07-14T14:08:19.522677Z
d7dd7577-1927-41b4-aa53-cbaddf339694,f6e65052-f135-4719-acce-b9f4c427f4bc,2026-07-14T16:08:19.522677Z
d4ad4684-f832-4d8b-8c3e-4bd6c50c844c,e337c429-8fcf-4300-b73a-8dda3840e7a5,2026-07-14T16:08:19.522677Z
2c169b56-8512-48a6-980b-f8b5548f940c,0cbf9e24-c763-4a88-9607-c1da99892987,2026-07-14T16:08:19.522677Z
71052d87-2fe5-4926-992e-74ec1f8cd703,94dcffb2-7c57-43f2-b795-7b99477a2be1,2026-07-14T18:08:19.522677Z
50509bef-1983-4735-9660-86f6ee57101a,80c295ab-d429-4839-a888-0fcf86b5f1e6,2026-07-14T18:08:19.522677Z
faa5e4fd-b301-4be0-b2ba-783e2a4ba2af,2b8df298-d786-4003-9bed-a8cd195acb4e,2026-07-14T18:08:19.522677Z
5d4b9cf2-7550-48be-aa1e-be38321948ef,f10e6036-05c9-4ebb-b623-b158cc8c27c1,2026-07-14T18:08:19.522677Z
656f8973-e155-426f-8c34-60a1f340b92c,78395b21-517d-408a-b685-1a5e1881796e,2026-07-14T19:08:19.522677Z
6f345e64-627d-4c53-a68b-203255550efb,c782a5a6-2535-44a0-8958-986b76db6ea2,2026-07-14T19:08:19.522677Z
f339f93b-6210-4122-823a-6ece9726113b,f0aa6667-f5f4-4e85-91a3-a251c941576f,2026-07-14T21:08:19.522677Z
a626edbf-fa23-4ee4-a058-c4b6a854b2cd,47cec64d-5eed-4667-b141-1e0cdf32a51f,2026-07-14T21:08:19.522677Z
13dc7480-3aa6-44fc-98f1-8fe92e0fbe1b,2b8df298-d786-4003-9bed-a8cd195acb4e,2026-07-14T23:08:19.522677Z
ee2b5cf5-7919-4afb-9107-9cadf55b789c,0cbf9e24-c763-4a88-9607-c1da99892987,2026-07-15T00:08:19.522677Z
a9dd6b02-ada2-4d97-909c-5709f9e56e2d,e2b4b35b-e679-4af8-977a-90d04b8c02b0,2026-07-15T00:08:19.522677Z
66ffbc32-bc86-4968-bff8-c3b048b4560b,39ae4eb2-a153-475a-85c7-01311e6d1d1c,2026-07-15T00:08:19.522677Z
02ade60c-22b1-4bae-a092-266063cb4f52,e1975ea3-a9b4-4c3c-9440-56028da5140a,2026-07-15T00:08:19.522677Z
14789f89-1513-44fc-a642-72b960d5dceb,991622c1-84f6-4350-b1fc-6b9d107b06b1,2026-07-15T03:08:19.522677Z
7af2f39c-ba3e-486d-846e-c8a7a699617c,c8981d33-3c45-4242-85b8-de984ce10ebb,2026-07-15T08:08:19.522677Z
5eb09a88-4a9c-41fd-a26b-1dcfdee84ce2,991622c1-84f6-4350-b1fc-6b9d107b06b1,2026-07-15T08:08:19.522677Z
0b83a918-468e-458d-ba7c-b7e94d4ae510,c782a5a6-2535-44a0-8958-986b76db6ea2,2026-07-15T09:08:19.522677Z
2b314b5e-5521-4afa-98da-2757dcb9fd80,f0aa6667-f5f4-4e85-91a3-a251c941576f,2026-07-15T10:08:19.522677Z
b808088d-07fc-4c66-9e27-527fd8d387b3,c782a5a6-2535-44a0-8958-986b76db6ea2,2026-07-15T10:08:19.522677Z
8b1634f9-2e63-4b2e-8b94-1155cba4d888,a38b9c83-d85d-49ad-b7f1-cbf001177d97,2026-07-15T10:08:19.522677Z
9bd1ecf5-db2b-47a5-8a7d-2daf7843f6bc,94dcffb2-7c57-43f2-b795-7b99477a2be1,2026-07-15T11:08:19.522677Z
aa168456-1309-4a4f-bb73-17b73f70ed41,c782a5a6-2535-44a0-8958-986b76db6ea2,2026-07-15T11:08:19.522677Z
61ebda49-01d2-4643-8b97-5d8926550b85,906e590b-1bd9-458f-bc10-e94212793448,2026-07-15T11:08:19.522677Z
d3c5a21c-1074-4e8f-a4e1-3370d28d9e06,30646772-c391-43ca-850d-5da28765af37,2026-07-15T13:08:19.522677Z
952b1f0f-9e68-4a12-9a8e-2bc6ca15f3de,c782a5a6-2535-44a0-8958-986b76db6ea2,2026-07-15T13:08:19.522677Z
ad2f8b87-fb1a-48dc-a946-fb36923eedbe,7b8b45cc-f3d6-4727-939c-d287d1e250b7,2026-07-15T14:08:19.522677Z
6ae07a75-4ba4-4e1d-acc2-5f18ca12bf06,991622c1-84f6-4350-b1fc-6b9d107b06b1,2026-07-15T15:08:19.522677Z
3a6cdc33-f21b-433a-a0ae-9ef1155a07d2,991622c1-84f6-4350-b1fc-6b9d107b06b1,2026-07-15T15:08:19.522677Z
a9f48320-4fd2-4e02-b7a4-121a08e76200,991622c1-84f6-4350-b1fc-6b9d107b06b1,2026-07-15T15:08:19.522677Z
c1760eca-1b55-404d-8ba6-ec9000cf45fe,c782a5a6-2535-44a0-8958-986b76db6ea2,2026-07-15T16:08:19.522677Z
45780f8e-05e7-41bd-8250-9a1234a11b7a,c782a5a6-2535-44a0-8958-986b76db6ea2,2026-07-15T17:08:19.522677Z
67145d03-86ed-45c5-9159-1a166d89a2b2,364eb30d-2ce9-4330-9679-14506bb6412c,2026-07-15T17:08:19.522677Z
009b3b9d-88dc-4836-a4f5-e40ec2ca7df1,a38b9c83-d85d-49ad-b7f1-cbf001177d97,2026-07-15T17:08:19.522677Z
b0421233-d997-4df6-9abf-b5dc1b3f6447,30646772-c391-43ca-850d-5da28765af37,2026-07-15T20:08:19.522677Z
da0e5bd0-d4e4-40af-ba74-3fff31ec95da,5e0aed9e-2fd8-4202-8115-b9135e96d743,2026-07-15T20:08:19.522677Z
6b3480f0-76fa-4481-990e-0d37124bee80,1aa829c8-151a-40b8-a90c-e9ea944b0b7c,2026-07-15T22:08:19.522677Z
1e88ddca-38e6-4854-adf1-389db36ed5cc,206e6ebb-5ac8-4448-8b1f-56d343a53242,2026-07-16T00:08:19.522677Z
ecb260ec-f606-407c-993b-f4eb0d116325,d7ddb8d1-2171-4419-9019-7d512a549eed,2026-07-16T01:08:19.522677Z
9e43f993-0c7b-4d79-9689-284fa3d6a672,beac54e7-77ed-496a-845e-526511f676a3,2026-07-16T02:08:19.522677Z
033ce587-f4e1-4792-95a3-4a072c7e34c7,991622c1-84f6-4350-b1fc-6b9d107b06b1,2026-07-16T03:08:19.522677Z
6ab01e20-5ebe-4d7f-b5e7-040c04af96cc,d7ddb8d1-2171-4419-9019-7d512a549eed,2026-07-16T04:08:19.522677Z
660869a1-b9a9-4fb9-95ab-862447eb974c,2b8df298-d786-4003-9bed-a8cd195acb4e,2026-07-16T05:08:19.522677Z
de48308a-dac9-4518-83ea-45cc0a7a214c,ae27858c-ca53-487d-81db-da0a72515dc7,2026-07-16T06:08:19.522677Z
62d6e2be-c174-4326-bc31-4d35294e235c,d7ddb8d1-2171-4419-9019-7d512a549eed,2026-07-16T07:08:19.522677Z
9be22a60-d274-4158-ad66-9f1ebcebf558,d7ddb8d1-2171-4419-9019-7d512a549eed,2026-07-16T08:08:19.522677Z
5cf9a25b-1eef-4aec-a6f5-8a93e760337a,cb4b4130-8c36-475c-94b5-05980eb2ecdc,2026-07-16T09:08:19.522677Z
cc9c3e12-96da-43a8-b94a-eeccaa047ac7,80c295ab-d429-4839-a888-0fcf86b5f1e6,2026-07-16T11:08:19.522677Z
1c42bffc-4012-4968-8541-ee18bef6bbb1,1aa829c8-151a-40b8-a90c-e9ea944b0b7c,2026-07-16T11:08:19.522677Z
349ea035-c4c5-42c0-be13-aa51be9bedbd,c782a5a6-2535-44a0-8958-986b76db6ea2,2026-07-16T11:08:19.522677Z
6f0bce5d-23d7-4494-a7a4-a90b54df5d62,f44b72ef-46e7-4867-881b-dcfb8cb5254c,2026-07-16T11:08:19.522677Z
2e6e6a49-f24e-4d33-8143-d048ad52319a,2b8df298-d786-4003-9bed-a8cd195acb4e,2026-07-16T14:08:19.522677Z
a6fdd45a-fffc-473a-870d-7e5475d8f997,7b8b45cc-f3d6-4727-939c-d287d1e250b7,2026-07-16T14:08:19.522677Z
d2ece171-1f2d-438d-a209-5d438813adec,364eb30d-2ce9-4330-9679-14506bb6412c,2026-07-16T16:08:19.522677Z
232729fd-7ec5-41c7-99b7-ced1ac9ab623,d7ddb8d1-2171-4419-9019-7d512a549eed,2026-07-16T17:08:19.522677Z
db460460-dbd2-479e-85f8-335b1bbcb7f3,23921fd4-073d-4dec-8e12-0ebbc635f4e6,2026-07-16T17:08:19.522677Z
4e88ec10-f2fd-4c0d-b268-06a6dc3970dd,c782a5a6-2535-44a0-8958-986b76db6ea2,2026-07-16T17:08:19.522677Z
3e1487a4-407e-43b0-956e-fbb97eead7a3,991622c1-84f6-4350-b1fc-6b9d107b06b1,2026-07-16T17:08:19.522677Z
fd7d6bd3-26e1-425e-b7a8-a5e09e42c7f9,7b8b45cc-f3d6-4727-939c-d287d1e250b7,2026-07-16T23:08:19.522677Z
9125d19b-94cf-4033-b906-ad942948d631,f281888e-c189-47d6-9ea0-01977cc35c35,2026-07-17T02:08:19.522677Z
a8b23ca9-3345-470b-aca8-f9d3b6a8da61,94dcffb2-7c57-43f2-b795-7b99477a2be1,2026-07-17T04:08:19.522677Z
b521465a-82d9-4bc9-b78c-24b12f1c4899,2b8df298-d786-4003-9bed-a8cd195acb4e,2026-07-17T05:08:19.522677Z
8e6d33e4-773c-45bb-a2d0-9e8508a6b7d6,9119c2fa-5cf9-478d-9478-988303885629,2026-07-17T06:08:19.522677Z
d7d572e2-1d39-4b69-b22e-344bda891af5,7b8b45cc-f3d6-4727-939c-d287d1e250b7,2026-07-17T06:08:19.522677Z
fd21058f-89d1-46fe-a04e-06a0a50ee9fb,130beacb-1764-49bc-8a7c-63e606fbef90,2026-07-17T07:08:19.522677Z
6c8b94a9-3c01-4eb8-9566-3b5f05ecc20a,30646772-c391-43ca-850d-5da28765af37,2026-07-17T11:08:19.522677Z
3191ee59-be55-433b-adb0-4bce63b63b75,991622c1-84f6-4350-b1fc-6b9d107b06b1,2026-07-17T11:08:19.522677Z
3fe99d48-aac4-4476-a058-c4f45137f89b,f6e65052-f135-4719-acce-b9f4c427f4bc,2026-07-17T12:08:19.522677Z
77375a22-8e6c-47a8-93ad-4b0cf4d3ce7b,22887b2a-a91e-4601-a937-f2cf593e62bd,2026-07-17T14:08:19.522677Z
5c1dc694-7844-43a3-93c0-91d910149af0,1c7856ad-9a3e-41b8-807b-2b121afff53d,2026-07-17T15:08:19.522677Z
158a65ac-1e08-49b2-b047-05bd51b60a18,fefd9fd5-8508-4d87-a183-3eabf6b38350,2026-07-17T17:08:19.522677Z
61016f1a-80ca-402c-b933-9d080d56b50b,2d26f311-452a-46da-824d-40114179ecdb,2026-07-17T17:08:19.522677Z
47e5d0c9-db8c-4253-9569-46414fdc63fd,e300d696-1542-4b27-a0ca-9e7c1f6b7c4d,2026-07-17T17:08:19.522677Z
2a341959-dfe6-443c-a4ce-248c640af1bd,b20ecd15-0a2b-4ffa-8ac6-5266a723883f,2026-07-17T21:08:19.522677Z
a96b1f36-06c7-41f5-87ce-5653978fca02,d355e97c-c0c5-4632-b519-764b32b4ae6e,2026-07-17T21:08:19.522677Z
741a4688-dd9a-465a-8c9f-3b97594b0a6a,f281888e-c189-47d6-9ea0-01977cc35c35,2026-07-17T21:08:19.522677Z
b9a30fe4-4657-43e1-b6c0-650d3030d8cd,d7ddb8d1-2171-4419-9019-7d512a549eed,2026-07-17T22:08:19.522677Z
313e4477-33e7-4618-9899-ccaa5b3aeb2a,0f56a692-d5e5-4052-b20e-da2064ac29b7,2026-07-18T00:08:19.522677Z
998bf539-803c-4389-8fe3-ace382955eb2,f281888e-c189-47d6-9ea0-01977cc35c35,2026-07-18T03:08:19.522677Z
350e03dd-23cf-40ec-ad55-c4a352b9dafb,4843ccb8-53b5-42ca-b6f3-d83e5e236edf,2026-07-18T05:08:19.522677Z
dcc9a3cf-4616-42ee-86c4-ae9ecd5f94df,1c7856ad-9a3e-41b8-807b-2b121afff53d,2026-07-18T05:08:19.522677Z
fbb38ac4-7ada-4a28-a7b8-ae8bc7a26c5a,991622c1-84f6-4350-b1fc-6b9d107b06b1,2026-07-18T05:08:19.522677Z
ae8e18d9-501d-4d60-9f7d-09759f8e2b06,991622c1-84f6-4350-b1fc-6b9d107b06b1,2026-07-18T05:08:19.522677Z
2579896e-3318-4f23-9a43-babf1599f759,f281888e-c189-47d6-9ea0-01977cc35c35,2026-07-18T05:08:19.522677Z
3b4dcee6-2127-489f-9994-b7ab37d39240,d7ddb8d1-2171-4419-9019-7d512a549eed,2026-07-18T07:08:19.522677Z
b1e0a2f0-1007-45d7-ab35-445d11c61cd1,4ef976bc-d70c-42d0-9713-d3d84d9b4ad3,2026-07-18T10:08:19.522677Z
6208653e-3b15-473b-969c-f8d71cc0c40f,f281888e-c189-47d6-9ea0-01977cc35c35,2026-07-18T10:08:19.522677Z
437f510f-1a1e-403d-bb01-e7e936a829df,1c7856ad-9a3e-41b8-807b-2b121afff53d,2026-07-18T12:08:19.522677Z
e6205d15-27c4-4623-8680-e285bfe46319,ae0b9cf0-c9c4-47ee-bb4a-58549488b87a,2026-07-18T12:08:19.522677Z
3c483269-2bf4-4021-be27-b308a74d89e2,f281888e-c189-47d6-9ea0-01977cc35c35,2026-07-18T12:08:19.522677Z
efc32528-9b9d-408e-ad2a-0c36568497e6,a8bcc502-425c-4ccf-8975-265f3d9cae28,2026-07-18T13:08:19.522677Z
af661d0d-6119-4f85-a01c-cf7cf0075cc3,7f642e84-b845-4144-8bdf-a04149171f37,2026-07-18T15:08:19.522677Z
2885dbf0-1ee9-4e4c-9bb2-56927bcdaea8,4e163814-c9ee-462d-a2b0-db7fcea40d12,2026-07-18T16:08:19.522677Z
d93542ca-bf35-4243-bd31-8d1e40af0009,991622c1-84f6-4350-b1fc-6b9d107b06b1,2026-07-18T16:08:19.522677Z
33402786-77d6-4686-a680-87685f036258,ae0b9cf0-c9c4-47ee-bb4a-58549488b87a,2026-07-18T16:08:19.522677Z
fc4dd87c-1d25-4735-bfa2-1ea8ad7fe922,f6e65052-f135-4719-acce-b9f4c427f4bc,2026-07-18T17:08:19.522677Z
e90fac4b-68ff-46f8-b23c-ffa3a781b345,ce1cf579-e9f2-43b9-951f-a105ea631a3f,2026-07-18T18:08:19.522677Z
e760208f-ee40-470c-a5c4-19828d5c4f06,991622c1-84f6-4350-b1fc-6b9d107b06b1,2026-07-18T21:08:19.522677Z
e9f9c49f-723b-4ba2-8326-69e6bff83b4f,ae0b9cf0-c9c4-47ee-bb4a-58549488b87a,2026-07-19T02:08:19.522677Z
44654ab5-a0a3-4887-85ef-a569fefc70d9,991622c1-84f6-4350-b1fc-6b9d107b06b1,2026-07-19T03:08:19.522677Z
f9d18db6-123a-4a4a-b0e0-2e465eb3c8b0,94dcffb2-7c57-43f2-b795-7b99477a2be1,2026-07-19T04:08:19.522677Z
529538a1-dc0c-44f1-be8b-9e6d6ab1517b,ae0b9cf0-c9c4-47ee-bb4a-58549488b87a,2026-07-19T04:08:19.522677Z
8f35666e-2a4f-4bdb-bc91-9c8a9f8e10ad,ae0b9cf0-c9c4-47ee-bb4a-58549488b87a,2026-07-19T10:08:19.522677Z
1e95ac95-beaa-4cee-aebb-5630c166c9a3,ae0b9cf0-c9c4-47ee-bb4a-58549488b87a,2026-07-19T13:08:19.522677Z
8ef4e5d1-2a44-451d-a02b-b48fed4fe218,f281888e-c189-47d6-9ea0-01977cc35c35,2026-07-19T13:08:19.522677Z
70f79d2d-9940-4ca8-a1ae-5b90cf22b07d,070a2a6a-6c34-49a1-a1ed-37ef16e3c987,2026-07-19T17:08:19.522677Z
b3d89b64-ec23-4d0c-9f27-d3c922866e32,7c109226-f7f9-429a-9390-4b43ad207af8,2026-07-19T17:08:19.522677Z
3bfbcbb3-4108-450b-86ea-55d58db1f4b6,f281888e-c189-47d6-9ea0-01977cc35c35,2026-07-19T17:08:19.522677Z
a29b136c-1dbe-47ec-9e75-981ce571699e,0f56a692-d5e5-4052-b20e-da2064ac29b7,2026-07-19T18:08:19.522677Z
b2826636-51a5-4d6b-8b50-525f886e657e,ce1cf579-e9f2-43b9-951f-a105ea631a3f,2026-07-19T19:08:19.522677Z
43002ce3-1c25-4c04-acbf-74be705c69de,5834ded9-4d7f-4da4-b119-760c12d5b4c2,2026-07-19T21:08:19.522677Z
52c6b98f-d32e-42c6-9cb2-f4d613fea600,4e163814-c9ee-462d-a2b0-db7fcea40d12,2026-07-19T23:08:19.522677Z
43a891dc-573e-471a-bd65-5d99e66f2e6a,d680ce99-23f5-4224-ad8b-23133e77d7b1,2026-07-20T00:08:19.522677Z
5d14b9eb-c56c-4087-b223-1610c5a04806,8218208a-db12-4579-aa75-fc8a2549be6f,2026-07-20T03:08:19.522677Z
b3ef6ec5-602f-463e-b52a-f7bd81ffe8b3,1de90797-5e0a-4f11-967d-7a0e3e2394bd,2026-07-20T04:08:19.522677Z
9ed9ba8c-4e62-4e20-bce2-941bd98f02d6,1de90797-5e0a-4f11-967d-7a0e3e2394bd,2026-07-20T05:08:19.522677Z
9a0b87a3-c792-42fc-ab27-a21f1c91636e,ae0b9cf0-c9c4-47ee-bb4a-58549488b87a,2026-07-20T05:08:19.522677Z
083c6891-a496-4877-9dc5-a49e7e41f05e,f281888e-c189-47d6-9ea0-01977cc35c35,2026-07-20T07:08:19.522677Z
d7991cf5-38c1-4f61-ad50-28d486a7294e,4b41d2ca-a575-4af6-9484-a5e34f546ef0,2026-07-20T09:08:19.522677Z
2e94b15c-e96d-4ca7-b246-e93788975c88,5834ded9-4d7f-4da4-b119-760c12d5b4c2,2026-07-20T10:08:19.522677Z
2d9b9b60-fe93-4521-9f54-28200402ff7b,0f900644-e386-4a67-9ca8-6191b83e968e,2026-07-20T11:08:19.522677Z
e4f8e838-59e9-49a5-ae47-b012d50a02da,0f56a692-d5e5-4052-b20e-da2064ac29b7,2026-07-20T12:08:19.522677Z
1331d428-a90f-40bc-910a-5e71ad0893ba,2ac80d64-ba42-4337-bced-2562b6855875,2026-07-20T13:08:19.522677Z
08dddc03-7f01-4be5-869a-8cb5b022c930,2e388a71-93b0-48dc-8811-fac80b10bde0,2026-07-20T16:08:19.522677Z
c08691e5-8ae1-45f6-b14b-d06206eb81de,4a786b98-61b1-42b6-b3cc-f178f7040166,2026-07-20T16:08:19.522677Z
97177883-2bb6-4c33-bfd4-4086403076df,84fa6162-948a-49e0-9fcf-d11042673c06,2026-07-20T17:08:19.522677Z
0f21453d-c824-4194-a075-271e7ef80119,4a786b98-61b1-42b6-b3cc-f178f7040166,2026-07-20T17:08:19.522677Z
e98166e8-9fc6-40fc-94fe-cbbaad49101f,285c8464-84ac-449a-a095-71191230335a,2026-07-20T17:08:19.522677Z
c6fee3a3-a1c1-434a-8749-c6ea001e5308,5834ded9-4d7f-4da4-b119-760c12d5b4c2,2026-07-20T18:08:19.522677Z
df95038c-dea7-44d3-a3e7-baa5d5c4bfa3,ddd4c2d2-91cb-436a-a0cb-a82ebd2f5380,2026-07-20T19:08:19.522677Z
a96a4a35-e55a-4da1-a657-786962969df1,93c40d98-2195-4923-ad84-d3c5eb3fb054,2026-07-20T21:08:19.522677Z
453ab777-2a17-4dbd-86bc-8d010dcc628d,9f34e5da-4afd-4fc6-9efe-8fcbf37abaad,2026-07-20T22:08:19.522677Z
2b0567de-27db-4fb6-a74c-11eedcafb61f,3cfa2284-e729-431d-8d16-663393516140,2026-07-20T22:08:19.522677Z
435981d1-aadf-4056-b61e-b107a078f710,0f900644-e386-4a67-9ca8-6191b83e968e,2026-07-20T23:08:19.522677Z
3d53631d-baf2-4af4-ae40-8989333d5a5d,1de90797-5e0a-4f11-967d-7a0e3e2394bd,2026-07-21T00:08:19.522677Z
ed575a9f-a792-4a33-9276-228127edcc52,4a786b98-61b1-42b6-b3cc-f178f7040166,2026-07-21T01:08:19.522677Z
de619912-3c55-4a0a-ae25-e27795bb009c,4e163814-c9ee-462d-a2b0-db7fcea40d12,2026-07-21T02:08:19.522677Z
15036055-507b-4b6d-9052-c85dd8dbd6b3,a0352b09-6876-4d6f-9125-dfafdf70dff0,2026-07-21T02:08:19.522677Z
78e8e62d-beb9-4997-98c3-a6039210459e,ae0b9cf0-c9c4-47ee-bb4a-58549488b87a,2026-07-21T03:08:19.522677Z
f7c45475-995b-4c8e-8735-ab7df558b1ff,4ef976bc-d70c-42d0-9713-d3d84d9b4ad3,2026-07-21T06:08:19.522677Z
1027259d-5cba-4e8e-a5e2-fe8c9d36b963,7c2e2888-f019-4ec2-8b19-4a0db00ef969,2026-07-21T06:08:19.522677Z
8120ec1b-8d75-4165-b772-2c609fc0bed2,0f56a692-d5e5-4052-b20e-da2064ac29b7,2026-07-21T06:08:19.522677Z
b4c629f8-a3e3-4d7f-9f37-dd0c20466841,0f900644-e386-4a67-9ca8-6191b83e968e,2026-07-21T07:08:19.522677Z
213cde8a-eeb6-4822-96f9-dd1544a44dcc,4e163814-c9ee-462d-a2b0-db7fcea40d12,2026-07-21T07:08:19.522677Z
65f07ce1-64f3-423b-b0f4-5e6a08611cb2,a0a20f6f-b95d-47a8-96c8-36e83f77ea7a,2026-07-21T08:08:19.522677Z
49d4545f-43e5-410c-a32e-3a64e749cf08,e6b57ac6-ab71-4783-9b0e-c793397041d1,2026-07-21T08:08:19.522677Z
2d67bb88-6589-4240-936e-fae1e4b6fc5a,4ef976bc-d70c-42d0-9713-d3d84d9b4ad3,2026-07-21T08:08:19.522677Z
92b256ee-5215-405a-9a40-07ddc1a5cbbb,e3daa1e5-7599-4d4f-972d-b683ff7173d2,2026-07-21T08:08:19.522677Z
110e63d7-7e95-41ca-81de-15f7de0c3be9,0f900644-e386-4a67-9ca8-6191b83e968e,2026-07-21T09:08:19.522677Z
49a83d84-3298-4c2f-ad02-276621192e23,0f900644-e386-4a67-9ca8-6191b83e968e,2026-07-21T09:08:19.522677Z
e9d05eb5-2d97-4120-9461-37f4c3f5d67c,0a1b054f-cb21-49e8-999a-3e9b9ab1f647,2026-07-21T09:08:19.522677Z
f30bfc2f-32b9-4287-aaf9-f309b30c7dd4,0f56a692-d5e5-4052-b20e-da2064ac29b7,2026-07-21T09:08:19.522677Z
31985eb6-7120-44ca-b52b-2396c4dfc6ca,ae0b9cf0-c9c4-47ee-bb4a-58549488b87a,2026-07-21T10:08:19.522677Z
dce5836c-e6bd-4695-8523-582a9ffb831b,f281888e-c189-47d6-9ea0-01977cc35c35,2026-07-21T10:08:19.522677Z
db036f44-b555-43fd-822b-4783f1f5a359,a0352b09-6876-4d6f-9125-dfafdf70dff0,2026-07-21T11:08:19.522677Z
f78f77b1-c9cb-48bc-8cbb-1ce7b2ebd396,e3daa1e5-7599-4d4f-972d-b683ff7173d2,2026-07-21T11:08:19.522677Z
d9eb8885-6133-4c34-a962-059fe5d790c1,f281888e-c189-47d6-9ea0-01977cc35c35,2026-07-21T11:08:19.522677Z
3619d84b-5025-40b2-9cf3-f6ed18c2ec20,7c2e2888-f019-4ec2-8b19-4a0db00ef969,2026-07-21T12:08:19.522677Z
67ce5200-2174-41d5-b179-6f7303c2259f,a0a20f6f-b95d-47a8-96c8-36e83f77ea7a,2026-07-21T13:08:19.522677Z
c977afae-26c2-4fc9-894d-17357cdb1ebf,0f900644-e386-4a67-9ca8-6191b83e968e,2026-07-21T13:08:19.522677Z
3f2fd2c6-f45c-4e67-ac69-5e3a65ed111a,5318085d-36eb-4ab5-b57f-81584bff30a8,2026-07-21T13:08:19.522677Z
6fda2920-4d52-4e6e-9d8e-11e6560b31f7,cd29cdaf-e4ce-4871-a462-dfdf6347cfc5,2026-07-21T14:08:19.522677Z
86049274-723e-462b-8c0a-9bdbbf0ba994,ae0b9cf0-c9c4-47ee-bb4a-58549488b87a,2026-07-21T14:08:19.522677Z
051685e4-7885-4dad-963c-a1254328113a,4e163814-c9ee-462d-a2b0-db7fcea40d12,2026-07-21T15:08:19.522677Z
0e963e28-23c0-46a5-8886-4069aae941d6,49621dd2-5091-478d-b45b-11cb013e8ca8,2026-07-21T16:08:19.522677Z
ee0d3779-d33f-44da-bf7d-060b818be5c4,0f900644-e386-4a67-9ca8-6191b83e968e,2026-07-21T17:08:19.522677Z
68d1ddf6-c860-44af-86b0-08dd1959cb09,8717f740-39b5-49d4-8eb7-816acdc3cbc7,2026-07-21T18:08:19.522677Z
4d1e5a1e-d461-4e05-8fd3-357c12b140d8,31fa12b5-ff19-4a0c-883b-75e51492d399,2026-07-21T19:08:19.522677Z
27f3a31c-8764-465c-bf10-9741c66a6718,ce21888a-ed67-499a-8b99-887e0d1812a7,2026-07-21T19:08:19.522677Z
63019b82-8497-451e-88ef-74b997ccfe89,9f34e5da-4afd-4fc6-9efe-8fcbf37abaad,2026-07-21T20:08:19.522677Z
cb3ea848-7fc4-4386-89c1-7c5847f51c6f,a0352b09-6876-4d6f-9125-dfafdf70dff0,2026-07-21T22:08:19.522677Z
15fab476-55bb-41d0-9d6a-534d743fa4a9,0f56a692-d5e5-4052-b20e-da2064ac29b7,2026-07-22T00:08:19.522677Z
a232a630-9c00-48bf-9584-369f83ad29ee,968a699a-f61b-4162-a6bd-5336e769ab92,2026-07-22T01:08:19.522677Z
f0ed55ec-6fb6-4d89-a75a-29233f787730,5318085d-36eb-4ab5-b57f-81584bff30a8,2026-07-22T01:08:19.522677Z
08f04d13-419d-4903-80c7-998b46649909,ae0b9cf0-c9c4-47ee-bb4a-58549488b87a,2026-07-22T02:08:19.522677Z
87e2e61f-107d-425e-b884-154f6cdb8355,9f34e5da-4afd-4fc6-9efe-8fcbf37abaad,2026-07-22T03:08:19.522677Z
05b44e90-490a-4345-83af-5f9b41a0d0a2,31fa12b5-ff19-4a0c-883b-75e51492d399,2026-07-22T05:08:19.522677Z
23b2ca62-5f76-4793-ba11-1642e40dc648,cd29cdaf-e4ce-4871-a462-dfdf6347cfc5,2026-07-22T07:08:19.522677Z
672361da-98cc-4ada-a49d-f08298c8ed28,22523e16-456e-426a-a51f-cea07c063a39,2026-07-22T07:08:19.522677Z
ac685be1-f88d-4f0e-8d59-c6bf05cf1b3d,a0a20f6f-b95d-47a8-96c8-36e83f77ea7a,2026-07-22T08:08:19.522677Z
a01ce207-21a9-494a-a201-9a718b4e0ff8,0f900644-e386-4a67-9ca8-6191b83e968e,2026-07-22T08:08:19.522677Z
21a85006-e295-4d47-8a01-8cd56f5644b1,0f900644-e386-4a67-9ca8-6191b83e968e,2026-07-22T08:08:19.522677Z
19a82b3a-1b24-4428-aff0-2f1539ff3093,ac10d63d-626a-4b3d-a85e-93dd90456390,2026-07-22T08:08:19.522677Z
174bec7b-7003-4306-b6e3-1582f4444252,a0352b09-6876-4d6f-9125-dfafdf70dff0,2026-07-22T10:08:19.522677Z
9db1d164-bdea-4a13-9038-4d1998c2f513,440d5ca2-f649-4d38-b6a7-973eb3d118d8,2026-07-22T10:08:19.522677Z
0ed92b3a-013c-427f-91c5-8b8aedac4502,af2d7c31-ed15-4f86-b812-f9f9d7bc9675,2026-07-22T10:08:19.522677Z
eedd7b11-3efa-4f2c-805c-2114a0ac9540,618d0b37-d73b-4a27-ac51-77de1030b3ba,2026-07-22T10:08:19.522677Z
1349c52f-07cd-4a49-8ac1-3af707116077,a0a20f6f-b95d-47a8-96c8-36e83f77ea7a,2026-07-22T11:08:19.522677Z
4464a574-c8a1-497a-ba2a-edfdfed77cc4,a689d9ae-3aec-4d8a-aee6-5d2538f2c65d,2026-07-22T12:08:19.522677Z
0dd0e0ff-caeb-4137-9afa-b9aaa8de5fad,e3daa1e5-7599-4d4f-972d-b683ff7173d2,2026-07-22T12:08:19.522677Z
bfe3e940-faa6-4475-97b8-5d6c51499ebb,a0a20f6f-b95d-47a8-96c8-36e83f77ea7a,2026-07-22T14:08:19.522677Z
b13aa5f7-bc67-46df-b38a-ec82f88a2164,30632f80-a4c6-4921-9db8-b24eed499737,2026-07-22T15:08:19.522677Z
2c7f5f5f-7c2a-4958-8610-40dec968d448,22523e16-456e-426a-a51f-cea07c063a39,2026-07-22T15:08:19.522677Z
427a010b-cc75-4589-bd02-57e72bff5489,caf7c005-f53e-4f88-821c-60b618015ed5,2026-07-22T15:08:19.522677Z
c825ffbd-d572-47d5-970a-a5b99d1ebabd,9f34e5da-4afd-4fc6-9efe-8fcbf37abaad,2026-07-22T16:08:19.522677Z
b0edb65c-ebd6-4ead-9b0b-27d0acdd5741,9fa55df5-c34a-4f18-a395-7e87ef41c49d,2026-07-22T16:08:19.522677Z
0ee06f05-61ec-44c3-acc2-27ea27336c36,9f34e5da-4afd-4fc6-9efe-8fcbf37abaad,2026-07-22T17:08:19.522677Z
76dcdb6f-7959-4cf7-aba1-743ad62ee641,0f900644-e386-4a67-9ca8-6191b83e968e,2026-07-22T18:08:19.522677Z
1490bd2b-74d3-4e9b-89ca-631260f7325c,22523e16-456e-426a-a51f-cea07c063a39,2026-07-22T18:08:19.522677Z
b532928f-84fd-4002-8ec6-33a4e7ea33bc,0a1b054f-cb21-49e8-999a-3e9b9ab1f647,2026-07-22T19:08:19.522677Z
8bd4bb36-f819-4015-afe5-ad4b1c7acada,78389e1c-2c48-4838-8a7d-136a789d9fe2,2026-07-22T19:08:19.522677Z
2c9daa3b-94dc-4136-9be0-56c17f597f45,ae0b9cf0-c9c4-47ee-bb4a-58549488b87a,2026-07-22T20:08:19.522677Z
c984c1d3-0bc7-44cc-a80b-d4a673db5277,a0352b09-6876-4d6f-9125-dfafdf70dff0,2026-07-22T21:08:19.522677Z
cc8d8fb1-55c3-4d80-91e8-2bd404d36024,31fa12b5-ff19-4a0c-883b-75e51492d399,2026-07-22T22:08:19.522677Z
7c5b73d4-8ca5-4e5a-80bf-d5dc369cb3b8,79e013a7-76da-4728-9d96-9f10b12b26a3,2026-07-22T22:08:19.522677Z
82e316c1-c0d3-4adc-a8c8-005b039e15ed,a0a20f6f-b95d-47a8-96c8-36e83f77ea7a,2026-07-22T23:08:19.522677Z
c733b433-62fe-40f4-9968-6055ea222a2c,a0a20f6f-b95d-47a8-96c8-36e83f77ea7a,2026-07-23T00:08:19.522677Z
20763352-635b-43ff-bf28-fd2319ea4594,a0a20f6f-b95d-47a8-96c8-36e83f77ea7a,2026-07-23T04:08:19.522677Z
51079d1f-9748-454e-80ab-618c36d46241,9f34e5da-4afd-4fc6-9efe-8fcbf37abaad,2026-07-23T05:08:19.522677Z
84b677a3-597d-4069-8877-ae4b694da4c5,4379af3b-92d8-4179-a2c7-31c0a19089a5,2026-07-23T07:08:19.522677Z
5847ca30-fc2d-418f-8173-afbd0460f963,e3daa1e5-7599-4d4f-972d-b683ff7173d2,2026-07-23T07:08:19.522677Z
dfb4e3e3-2b82-468a-8d1f-65152072720e,8dd206b3-5a53-4f9d-a3af-6975cc0e5109,2026-07-23T07:08:19.522677Z
464cb95d-8ba6-4ad5-aee4-97742898c6ac,31fa12b5-ff19-4a0c-883b-75e51492d399,2026-07-23T12:08:19.522677Z
2d14b5e5-3f44-43ce-aca8-a3cf485b2471,4a786b98-61b1-42b6-b3cc-f178f7040166,2026-07-23T13:08:19.522677Z
9a05e91b-ac59-4617-b9f7-2b2a3f79fe30,766a5627-c249-471c-a2ae-ccd5d9466ccc,2026-07-23T15:08:19.522677Z
62f2f217-8240-473b-88c1-405b7007641b,5318085d-36eb-4ab5-b57f-81584bff30a8,2026-07-23T15:08:19.522677Z
cd1604c2-901d-4b32-9a5a-2b22f14c0625,5318085d-36eb-4ab5-b57f-81584bff30a8,2026-07-23T15:08:19.522677Z
82827bb4-41d7-4c5c-96ef-8fdef782d0cb,0eea124c-6ada-4e6e-a58d-ddc35971b1f6,2026-07-23T15:08:19.522677Z
face7540-48a4-4eec-8b2f-5e6d57cfc10b,c2d0601e-9a92-4eaa-9237-ea1cd7fa30bf,2026-07-23T16:08:19.522677Z
27cf94c9-7cbc-4277-96d1-883d38a8f910,a0352b09-6876-4d6f-9125-dfafdf70dff0,2026-07-23T18:08:19.522677Z
5c828652-f919-470e-b739-c0051e7331a6,769ed100-3098-4952-96ea-8a673b9a9b7f,2026-07-23T20:08:19.522677Z
ecd10793-ebab-48ee-bb5c-df0c565474d9,26900ce6-820a-43ae-a990-0f0416b3c862,2026-07-23T21:08:19.522677Z
a0cdb1ab-ba30-4248-9069-edef5d3c8639,42a6f177-7709-4a5a-a034-4e587414905f,2026-07-23T22:08:19.522677Z
8aa9c083-8ceb-4713-b348-249373a9aa91,626712ad-322a-42fc-82f8-77dac7bda1eb,2026-07-23T23:08:19.522677Z
c1ea5d97-17fb-4980-8f57-311506d40663,0f900644-e386-4a67-9ca8-6191b83e968e,2026-07-24T01:08:19.522677Z
7718b9b0-b9c3-4806-a02a-0c9c8b168750,2480a32a-0597-469b-8dd6-c3e42e97634b,2026-07-24T02:08:19.522677Z
6d4c4676-4b78-412c-b858-5c5d52296cc8,7c2e2888-f019-4ec2-8b19-4a0db00ef969,2026-07-24T02:08:19.522677Z
ea9c2bd3-4321-48b2-b0f7-19d288361470,c6b96750-b770-4ce5-8326-88ccfa878228,2026-07-24T04:08:19.522677Z
b009904b-4c2f-4768-861a-dfe749df0da0,776aff12-ee12-44df-ad9b-9dad5da00298,2026-07-24T04:08:19.522677Z
875bdbd2-ccb9-45b6-8e31-6d9e51215c47,5adbbafa-9c42-4f8e-b7aa-3a862174517d,2026-07-24T05:08:19.522677Z
c6d8082c-0bb1-4408-b828-29fd9853fced,a0a20f6f-b95d-47a8-96c8-36e83f77ea7a,2026-07-24T06:08:19.522677Z
5003f3f7-f75d-47a7-a0ce-3f7ca37450b8,a0a20f6f-b95d-47a8-96c8-36e83f77ea7a,2026-07-24T06:08:19.522677Z
ea66c6ea-7df9-48c7-92ec-361204bf1db6,c6b96750-b770-4ce5-8326-88ccfa878228,2026-07-24T06:08:19.522677Z
b5515c06-9654-4c1e-927a-1cfa2acd37bc,0a1b054f-cb21-49e8-999a-3e9b9ab1f647,2026-07-24T06:08:19.522677Z
2b0124f9-f300-4a62-9472-f929c2affb8c,9f34e5da-4afd-4fc6-9efe-8fcbf37abaad,2026-07-24T07:08:19.522677Z
095a37e2-5bdc-4de0-b384-b89c5846e935,fe2e3821-382d-4d5b-b4e7-bf170325b844,2026-07-24T09:08:19.522677Z
5410bfe0-18a4-4892-8b43-a44abdf0f8ab,285c8464-84ac-449a-a095-71191230335a,2026-07-24T10:08:19.522677Z
9150a339-c67c-401c-95bb-a21625d0bf2f,c6b96750-b770-4ce5-8326-88ccfa878228,2026-07-24T12:08:19.522677Z
a74a23fc-a391-4b6f-af5b-b603d5eae300,cd29cdaf-e4ce-4871-a462-dfdf6347cfc5,2026-07-24T14:08:19.522677Z
2525306f-064a-4b01-b618-89a5d35ae704,9c692b6f-0c77-4941-b953-faafb1c76504,2026-07-24T15:08:19.522677Z
08f12a5c-8bc2-42e3-b449-6bcf5902a02d,22523e16-456e-426a-a51f-cea07c063a39,2026-07-24T15:08:19.522677Z
4ccb37f4-3759-4e25-b701-4a9f437d230d,0f900644-e386-4a67-9ca8-6191b83e968e,2026-07-24T16:08:19.522677Z
e66be45f-4611-4cdd-a1f8-246cfc6c98dc,9f34e5da-4afd-4fc6-9efe-8fcbf37abaad,2026-07-24T16:08:19.522677Z
f7ab2b3f-fa27-41f2-95e8-a43edbac5eba,776aff12-ee12-44df-ad9b-9dad5da00298,2026-07-24T16:08:19.522677Z
e8b7f790-5f73-4edb-ad61-3c277f13da59,2480a32a-0597-469b-8dd6-c3e42e97634b,2026-07-24T16:08:19.522677Z
eafdc824-b733-4ebd-81a4-bf4206c5c09f,22523e16-456e-426a-a51f-cea07c063a39,2026-07-24T17:08:19.522677Z
bdd84517-b448-49ce-a991-66e0f98b7737,3046bbb9-ce89-40de-9eb7-57762013cd85,2026-07-24T18:08:19.522677Z
9750ed7f-eca8-4e1c-9fe5-a1d70d35357e,b6ce8b0d-9026-48d5-97a0-5fcbe6b8fe6c,2026-07-24T19:08:19.522677Z
a83e39f3-a586-4e49-bb7e-2c752be68d02,9f34e5da-4afd-4fc6-9efe-8fcbf37abaad,2026-07-24T20:08:19.522677Z
2a17acd8-d07a-4b00-9a4b-3244226ce21c,ee11e148-3000-4cbd-b6ba-704d04424a63,2026-07-24T20:08:19.522677Z
fd9004bc-102d-42ca-b2e3-660efeff1bcb,a0a20f6f-b95d-47a8-96c8-36e83f77ea7a,2026-07-24T21:08:19.522677Z
8c2f3bb7-9562-47eb-82a6-7030ebc12272,22523e16-456e-426a-a51f-cea07c063a39,2026-07-24T21:08:19.522677Z
d2380a01-616e-494c-b603-176c40a6cfed,fe2e3821-382d-4d5b-b4e7-bf170325b844,2026-07-24T22:08:19.522677Z
949d2d2d-5db4-4620-bcb4-fe9d21b9b8cd,b901b764-f97d-440b-83b0-636f3de32da1,2026-07-24T23:08:19.522677Z
48cbcadf-facc-4e14-9001-96dedc9f7707,2480a32a-0597-469b-8dd6-c3e42e97634b,2026-07-24T23:08:19.522677Z
e735596d-ebdf-461d-b5c6-ae0e828e7b72,22523e16-456e-426a-a51f-cea07c063a39,2026-07-25T00:08:19.522677Z
93b9e075-0fe4-4d56-a77a-8b2a001f45ba,3a410ab5-36a1-498f-87a5-4463e94f0d33,2026-07-25T01:08:19.522677Z
3536ef77-2c2c-4cbe-bda2-33f4dc51166f,22523e16-456e-426a-a51f-cea07c063a39,2026-07-25T01:08:19.522677Z
a399ec69-c9a0-410c-aef1-d3c179debf5b,9c692b6f-0c77-4941-b953-faafb1c76504,2026-07-25T04:08:19.522677Z
0392c401-a4c3-4da6-9da5-876fd77ddd46,92f26103-da65-4d05-b4df-6b34d62dc8d0,2026-07-25T04:08:19.522677Z
178cc019-f899-4972-b99c-b5b2ae975dad,7f4deae7-f9d9-4944-ae5d-9c8864e48c57,2026-07-25T04:08:19.522677Z
aa1abf09-b5a1-41a6-b4f5-0e0efeb4a371,d0dbce74-422a-4bd7-8e92-994714162937,2026-07-25T05:08:19.522677Z
5e2863b0-9872-4fa4-9736-834e00553fff,cd29cdaf-e4ce-4871-a462-dfdf6347cfc5,2026-07-25T06:08:19.522677Z
1551a937-1b81-4625-9c11-5123b9a3918a,22523e16-456e-426a-a51f-cea07c063a39,2026-07-25T08:08:19.522677Z
b45a8c03-d8fd-4a0a-8725-480208d22743,7c2e2888-f019-4ec2-8b19-4a0db00ef969,2026-07-25T08:08:19.522677Z
5a02303c-2645-485d-b93a-a48db932711a,7c2e2888-f019-4ec2-8b19-4a0db00ef969,2026-07-25T09:08:19.522677Z
3c4838a9-a745-453f-a585-05de12186f60,c6b96750-b770-4ce5-8326-88ccfa878228,2026-07-25T11:08:19.522677Z
3fd66352-f383-411c-8255-f6a6828e73b2,a0a20f6f-b95d-47a8-96c8-36e83f77ea7a,2026-07-25T12:08:19.522677Z
23a2cc70-7631-4d3a-9dd2-f385e63f5edb,b901b764-f97d-440b-83b0-636f3de32da1,2026-07-25T12:08:19.522677Z
cfd0bbd2-b975-4cb0-b372-4838748c9515,776aff12-ee12-44df-ad9b-9dad5da00298,2026-07-25T14:08:19.522677Z
99da10f4-7437-40e9-95ae-7522933d9af0,18db288e-b3ae-4202-ab56-8213815a0013,2026-07-25T15:08:19.522677Z
bd8e26a0-9e98-46e9-9b0b-232e779be7a5,e3daa1e5-7599-4d4f-972d-b683ff7173d2,2026-07-25T16:08:19.522677Z
c017e901-f319-42e1-9967-e13ee372e190,cd29cdaf-e4ce-4871-a462-dfdf6347cfc5,2026-07-25T17:08:19.522677Z
04aba5b9-8e71-49c5-ab58-4181e110808c,c6b96750-b770-4ce5-8326-88ccfa878228,2026-07-25T18:08:19.522677Z
7451ea10-3e85-4990-aeb3-48169fe485f2,88a0f7fc-c75c-4464-a055-c3378ba4d1dd,2026-07-25T19:08:19.522677Z
844e0791-f7a7-467e-94ad-474f955c0d19,92f26103-da65-4d05-b4df-6b34d62dc8d0,2026-07-25T21:08:19.522677Z
97754505-45c5-457a-b5f5-5c3af682ae3c,020b177e-1796-4004-9360-87fc327757b8,2026-07-26T00:08:19.522677Z
4c583348-8317-44c4-83ea-6766537c2b21,ce21888a-ed67-499a-8b99-887e0d1812a7,2026-07-26T00:08:19.522677Z
1a0b3327-683c-47b6-8996-1c0f9d13eac2,a0a20f6f-b95d-47a8-96c8-36e83f77ea7a,2026-07-26T01:08:19.522677Z
12f061e8-011e-4ce0-83a3-88e93098f8f8,22523e16-456e-426a-a51f-cea07c063a39,2026-07-26T05:08:19.522677Z
898ab23d-ce0f-484d-a031-070b86146491,a6301e16-f989-4689-8cfc-9991ee4b9082,2026-07-26T05:08:19.522677Z
e9438fa2-7124-406d-a372-103a9b61a723,fe2e3821-382d-4d5b-b4e7-bf170325b844,2026-07-26T06:08:19.522677Z
c109e845-6a62-4914-9013-5c3a03a7530d,36342e01-eed6-4ef1-8b1f-b0f320d89727,2026-07-26T07:08:19.522677Z
a12804d7-73f1-4768-888f-6e8baa2f7b36,3f571728-7ece-4d57-b475-2d123d705b27,2026-07-26T08:08:19.522677Z
e717bb01-d788-42f7-999e-1bcb0846068c,c6b96750-b770-4ce5-8326-88ccfa878228,2026-07-26T11:08:19.522677Z
f991169a-0875-463b-acb9-6e43398832df,88a0f7fc-c75c-4464-a055-c3378ba4d1dd,2026-07-26T12:08:19.522677Z
f97b3325-e0f1-4af7-a049-cebbad90d4b0,c6b96750-b770-4ce5-8326-88ccfa878228,2026-07-26T14:08:19.522677Z
7b8a0954-dab0-4555-b77c-5d7607f8de7f,a54a76f3-66f2-44ec-9f2a-2a2257ca143d,2026-07-26T14:08:19.522677Z
b7efdaa4-5e45-42c8-be36-ddd3352600a3,7dcb71f1-d43b-486c-9556-a4787df778d1,2026-07-26T16:08:19.522677Z
b559d923-0b2b-4a36-9104-1ec17ed2f9b5,b901b764-f97d-440b-83b0-636f3de32da1,2026-07-26T16:08:19.522677Z
5efc03fe-1bc1-41ff-a405-ad32c7f09ec8,c6b96750-b770-4ce5-8326-88ccfa878228,2026-07-26T17:08:19.522677Z
f9e54583-1e76-41f2-854d-9122a197ddbe,d0dbce74-422a-4bd7-8e92-994714162937,2026-07-26T17:08:19.522677Z
06575b26-c01e-4e2e-9af1-6ebf49f87fb9,b901b764-f97d-440b-83b0-636f3de32da1,2026-07-26T18:08:19.522677Z
2a8338fc-6943-45a0-b481-db17dd6e83fd,a337aaca-e760-4c60-a0d4-336d584992ac,2026-07-26T20:08:19.522677Z
92e76dc0-27ab-4588-bc44-f9ed5fcf7e15,18e34c78-9a3f-4cfc-94ec-cd84ecc4e02a,2026-07-26T21:08:19.522677Z
269ec796-6a20-4833-b3a9-9abc911a75ad,3046bbb9-ce89-40de-9eb7-57762013cd85,2026-07-26T22:08:19.522677Z
27ff0d7d-16ec-4f0b-af66-5af14cee4150,c6b96750-b770-4ce5-8326-88ccfa878228,2026-07-27T02:08:19.522677Z
b2b1cf0f-49bb-4eee-b91d-7c803882b89d,fd369609-8a30-4ccc-88f7-893e908a297e,2026-07-27T04:08:19.522677Z
67760825-470c-4421-917c-c6606fbe806b,f81be18e-59ce-405c-9408-7bc953db2fdd,2026-07-27T05:08:19.522677Z
b995f23e-3a2b-429a-8619-2d152768fdd1,a337aaca-e760-4c60-a0d4-336d584992ac,2026-07-27T06:08:19.522677Z
99ee5953-4afc-482e-a259-ce3e0a9b1479,9c692b6f-0c77-4941-b953-faafb1c76504,2026-07-27T09:08:19.522677Z
6fcfa3d5-629e-411e-8866-5fb9517c1fa7,e0f06de3-27b9-4707-83ea-d94a14f73f61,2026-07-27T11:08:19.522677Z
9746dc47-9ee7-4c6f-8afd-918bad87bc9c,425635d1-3b70-4224-931b-8aef13cdf424,2026-07-27T13:08:19.522677Z
75f0fa79-aa96-41fb-820d-3670564a6b1f,3f571728-7ece-4d57-b475-2d123d705b27,2026-07-27T13:08:19.522677Z
06cf50e9-37b9-4a38-8f80-a9a568d0f3a5,41357804-95b5-4cc0-8938-0451aea7f13f,2026-07-27T15:08:19.522677Z
89995d69-d2f1-4218-b73f-c7bda9a59006,4b5243d7-3ed5-49a1-a5d4-94561a8e592a,2026-07-27T18:08:19.522677Z
c4ec132e-f10f-4431-a0bb-a5537bca5e70,425635d1-3b70-4224-931b-8aef13cdf424,2026-07-27T18:08:19.522677Z
66ace104-2e50-49d3-8112-99a2605dac90,b8b8672d-2b36-463a-94f6-72a220fb3cd3,2026-07-27T23:08:19.522677Z
17f54b72-b6c8-477f-9775-f9a0a275612c,e9a735bd-fee1-40d0-b033-94e1f40755cb,2026-07-28T00:08:19.522677Z
e1722d9d-299d-4201-aa96-c3c206d1450e,b8108b45-bdf2-40e4-845a-85da79e4dd75,2026-07-28T01:08:19.522677Z
1c2c567e-11bd-48e7-b509-11fdf3e90a39,5137d93d-f1ba-4a8d-bf11-003f52ec9f15,2026-07-28T01:08:19.522677Z
1bcde9ff-1126-4b64-8adb-6804db2cd96d,c6b96750-b770-4ce5-8326-88ccfa878228,2026-07-28T02:08:19.522677Z
6c770e3a-d127-4c76-94e9-fc7ee25db3ee,9c692b6f-0c77-4941-b953-faafb1c76504,2026-07-28T04:08:19.522677Z
4ddcf374-906f-4665-89b7-0aa96b1cd31a,ee11e148-3000-4cbd-b6ba-704d04424a63,2026-07-28T04:08:19.522677Z
236bcb3c-4f92-4aa9-a193-11113d714892,57f76b6c-27c8-4970-8e08-e593dd961e4a,2026-07-28T05:08:19.522677Z
e410cd36-97c9-42a5-8003-c345433c1b78,a337aaca-e760-4c60-a0d4-336d584992ac,2026-07-28T06:08:19.522677Z
f830515f-047e-4915-b01a-e8b186c755a7,d0dbce74-422a-4bd7-8e92-994714162937,2026-07-28T06:08:19.522677Z
02db8b61-f446-4e32-a4c6-1d97083cb14a,b8108b45-bdf2-40e4-845a-85da79e4dd75,2026-07-28T09:08:19.522677Z
1decf8e3-a209-43f9-bac7-e3d25c889c80,a6301e16-f989-4689-8cfc-9991ee4b9082,2026-07-28T09:08:19.522677Z
e5a2b1f7-7d6d-4518-be5a-93567802ecbf,034b8cc7-6e01-4e1c-915f-f7f65cff36f7,2026-07-28T17:08:19.522677Z
6dcf13dd-2047-48b6-91f5-66c6737fb393,c6b96750-b770-4ce5-8326-88ccfa878228,2026-07-28T18:08:19.522677Z
639ff39a-d4c5-4519-a819-1c9ab3b0123f,d0dbce74-422a-4bd7-8e92-994714162937,2026-07-28T19:08:19.522677Z
16f0fce9-5e04-4bd3-b0de-bc4fb522afbd,2535e677-550e-4b2e-aea9-10c89497b4ec,2026-07-28T19:08:19.522677Z
6509829b-5fd8-4ef9-b70d-b53b94afb526,e88b0bfe-0288-4bf4-a38b-3ab2fa4043c9,2026-07-28T20:08:19.522677Z
b2b3f9d8-9aed-4dd1-bb54-27fd976c2fd7,b8108b45-bdf2-40e4-845a-85da79e4dd75,2026-07-28T20:08:19.522677Z
3dd1eb90-f8a4-4779-96fc-79ad47f6f11c,88a0f7fc-c75c-4464-a055-c3378ba4d1dd,2026-07-28T21:08:19.522677Z
6cd1adc8-6d67-41ed-9660-19dcef79b715,b8108b45-bdf2-40e4-845a-85da79e4dd75,2026-07-28T21:08:19.522677Z
ca287332-207f-47cc-8b8d-b14999810891,e88b0bfe-0288-4bf4-a38b-3ab2fa4043c9,2026-07-28T23:08:19.522677Z
02a824a8-af59-4a2b-9f3e-55e844a47be6,d7e8d720-1501-40c8-a78a-d2bccd98aa92,2026-07-29T00:08:19.522677Z
9ec31b2d-070d-4db9-bc1e-64d50791d827,d0dbce74-422a-4bd7-8e92-994714162937,2026-07-29T02:08:19.522677Z
e70c3ff1-8ffc-4b4b-af22-4d629ee0ffec,78cb916c-ff40-4ab3-8b60-63a4573b722f,2026-07-29T03:08:19.522677Z
bc29f147-e7ac-4b60-8dcc-ac33320bbb22,a337aaca-e760-4c60-a0d4-336d584992ac,2026-07-29T03:08:19.522677Z
4878000c-d777-4b80-b4af-28262a6e70fb,cb89978b-22f9-43e0-bf41-8ef795878e94,2026-07-29T05:08:19.522677Z
5a4ab242-9ecb-4982-b604-1cf3a4d96514,b8108b45-bdf2-40e4-845a-85da79e4dd75,2026-07-29T05:08:19.522677Z
c0f46385-ae5f-4aef-bbde-4e8ada457478,bc157bf9-e7f1-4228-acc4-a8613ded2f91,2026-07-29T05:08:19.522677Z
db758c1f-84bc-412f-bec9-cd5cc7150f5f,ee11e148-3000-4cbd-b6ba-704d04424a63,2026-07-29T05:08:19.522677Z
942130e0-5d31-434c-89aa-309e95a9e78e,52ad11b1-fbec-4b01-a7f8-5fdc944e7694,2026-07-29T07:08:19.522677Z
849b6ff3-bb6a-4d93-9d44-72b4cc9b40d7,ee11e148-3000-4cbd-b6ba-704d04424a63,2026-07-29T07:08:19.522677Z
f1384e26-480b-4eaa-b5cc-e1df56f102b3,425635d1-3b70-4224-931b-8aef13cdf424,2026-07-29T08:08:19.522677Z
3b4f2418-3b81-4c2d-a3b6-5efe667e4ca1,d0dbce74-422a-4bd7-8e92-994714162937,2026-07-29T10:08:19.522677Z
141a6d73-ec80-42fc-a639-c0c2d19dad5d,ee11e148-3000-4cbd-b6ba-704d04424a63,2026-07-29T10:08:19.522677Z
ec7be589-f738-432e-b803-1ae9e8a7b2de,e238adad-e89c-40b2-b2f3-54dbcb110b96,2026-07-29T11:08:19.522677Z
8735b508-9e45-466f-a8d1-4d037fbdf39d,d0dbce74-422a-4bd7-8e92-994714162937,2026-07-29T11:08:19.522677Z
6eaaf8dc-88f3-4d3c-8065-c05692881b69,6ad81ddc-562a-48a2-b401-a46793ec85ef,2026-07-29T14:08:19.522677Z
7ed371dd-37d1-4664-b107-25479e01c2b4,4b5243d7-3ed5-49a1-a5d4-94561a8e592a,2026-07-29T15:08:19.522677Z
2e2ee102-4745-4ba6-a4b7-4c833f4420ff,174cdc6a-ba8c-4519-8fe9-127be2453d93,2026-07-29T15:08:19.522677Z
5f8b42e8-b47b-437c-82db-0121518f8127,49f4627a-3d1d-49a3-a774-abe6449972d8,2026-07-29T16:08:19.522677Z
c58f7640-77a4-4b12-a6f1-aa8659a44039,b8108b45-bdf2-40e4-845a-85da79e4dd75,2026-07-29T17:08:19.522677Z
5d1d3992-4300-4ce2-a6e4-263dad139143,dd13e384-b86b-45a6-89f3-7028cec2ac5b,2026-07-29T17:08:19.522677Z
d264ada8-e490-4d9a-b2a1-6f862311876d,57d913d6-369b-4cc6-87a0-a491945b9893,2026-07-29T17:08:19.522677Z
882ce6bd-223f-425a-9c6f-96a84c909500,e238adad-e89c-40b2-b2f3-54dbcb110b96,2026-07-29T19:08:19.522677Z
11219668-7678-407e-b8dc-2a5158133b41,6b7dded0-db7c-439c-baf6-8c958ce20922,2026-07-29T20:08:19.522677Z
25f6e24c-5b97-45f7-b44f-8e0bb592f674,88a0f7fc-c75c-4464-a055-c3378ba4d1dd,2026-07-29T21:08:19.522677Z
9f7777c3-d136-4f13-957c-122caca17207,88a0f7fc-c75c-4464-a055-c3378ba4d1dd,2026-07-29T22:08:19.522677Z
2c90f4f8-5148-4347-ae2e-07a7aca7de31,b8108b45-bdf2-40e4-845a-85da79e4dd75,2026-07-29T22:08:19.522677Z
0b602df4-5cb2-4c12-baee-6a156751839a,b8108b45-bdf2-40e4-845a-85da79e4dd75,2026-07-30T00:08:19.522677Z
51111489-75e4-4926-bf4a-4ec17151aa4a,3859fdff-6534-47c2-ad07-d2f7656d6ea6,2026-07-30T00:08:19.522677Z
e04086f5-3861-4388-bd7b-090a215c4d91,18475167-7333-455a-ae12-ce014b197ca1,2026-07-30T00:08:19.522677Z
1675c6e8-60a8-4c93-94df-7e1d10d20e7a,b8108b45-bdf2-40e4-845a-85da79e4dd75,2026-07-30T02:08:19.522677Z
b4eb96e0-3779-4f42-9367-3b222c080e77,d6cbf608-08cf-4e7e-b249-ce97f02f3a13,2026-07-30T03:08:19.522677Z
c3208e63-946f-4656-9688-b2888b7e0a74,62b3cd6b-1fc5-4d28-a049-11e318ce1541,2026-07-30T03:08:19.522677Z
916e477f-c03d-4a8f-829f-3ae71dc29f4d,4b5243d7-3ed5-49a1-a5d4-94561a8e592a,2026-07-30T06:08:19.522677Z
c19082b8-35f5-46df-8046-9db964797b08,88a0f7fc-c75c-4464-a055-c3378ba4d1dd,2026-07-30T06:08:19.522677Z
fa305de5-ad8c-42a6-8609-7d77d7c28a46,e0f06de3-27b9-4707-83ea-d94a14f73f61,2026-07-30T07:08:19.522677Z
0bc0b893-2b8f-4743-b398-6386422700e7,88a0f7fc-c75c-4464-a055-c3378ba4d1dd,2026-07-30T08:08:19.522677Z
2dbc4e79-8ca6-4690-bccc-a065f34f9cb1,88a0f7fc-c75c-4464-a055-c3378ba4d1dd,2026-07-30T09:08:19.522677Z
b21b16ba-be2b-4d7c-92ab-4d1500822c1a,8150b0e3-e3b2-4e10-9963-b16af470d18f,2026-07-30T09:08:19.522677Z
5c34d9e6-c732-4335-ac13-d314950125a5,3ee9167e-6742-4a8d-9b2b-1a0aeff53059,2026-07-30T10:08:19.522677Z
18d5870e-af95-4011-854f-d6b50d41e93d,e238adad-e89c-40b2-b2f3-54dbcb110b96,2026-07-30T11:08:19.522677Z
4ac76fd2-9132-428a-bb1b-0e2923d54803,78cb916c-ff40-4ab3-8b60-63a4573b722f,2026-07-30T14:08:19.522677Z
e6a22bb1-3421-4592-a664-551233918cc3,425635d1-3b70-4224-931b-8aef13cdf424,2026-07-30T14:08:19.522677Z
2563c6c6-d674-4816-b23c-02e9f4f2e6d7,b8108b45-bdf2-40e4-845a-85da79e4dd75,2026-07-30T15:08:19.522677Z
96467ec3-cc68-4779-a4a6-c8a3c4143865,18475167-7333-455a-ae12-ce014b197ca1,2026-07-30T15:08:19.522677Z
b1dc3a30-959f-4532-ac70-50db11ebf0fe,391414d2-7be0-4824-bec7-863169888e74,2026-07-30T16:08:19.522677Z
0c022fc9-d21f-4cbe-ab1b-8c1029237d01,425635d1-3b70-4224-931b-8aef13cdf424,2026-07-30T18:08:19.522677Z
ad7e8d34-185f-4331-8dc3-40f743b6705f,b8108b45-bdf2-40e4-845a-85da79e4dd75,2026-07-30T18:08:19.522677Z
599a2ca9-14d5-47ac-9c6a-a0e675863d47,6ad81ddc-562a-48a2-b401-a46793ec85ef,2026-07-30T20:08:19.522677Z
d281e9d2-b746-4b24-9d08-2439233cc585,404131d6-5d3c-4e91-bccd-3c4c487f21bb,2026-07-30T21:08:19.522677Z
80f53483-d605-4295-a994-dffb5bb44c04,18475167-7333-455a-ae12-ce014b197ca1,2026-07-31T02:08:19.522677Z
337da66c-e41e-47d4-afb0-a8b8bf94fd3e,6407ee86-2016-4750-a7ac-7e3e3c159db6,2026-07-31T06:08:19.522677Z
9443c9ce-5a0e-4ab2-9a36-35f09912a03d,6ad81ddc-562a-48a2-b401-a46793ec85ef,2026-07-31T07:08:19.522677Z
2043206f-9957-435e-b5bd-f3bee496b812,404131d6-5d3c-4e91-bccd-3c4c487f21bb,2026-07-31T09:08:19.522677Z
32eb5c15-72d0-4b34-968f-544f753fe2ef,a462d58b-ca7e-4132-a04e-9f85ca22f99b,2026-07-31T10:08:19.522677Z
0b1ec189-61d9-45a3-b567-97a025594b21,ecf2ce13-e4e8-448d-9659-27f2741f607a,2026-07-31T11:08:19.522677Z
c617eb09-b4f7-418a-8701-7a7768d69295,ad450b25-9d4f-4fdf-8494-70d32dc5d6ba,2026-07-31T11:08:19.522677Z
07eb29b3-a8b0-46f1-94a5-c12245b09fe8,5ff11f7f-d9d4-4038-ac3a-c178053c11ba,2026-07-31T11:08:19.522677Z
c53123ee-2747-4f84-96e5-4aa92029f784,282ddf6b-0cb8-414c-8561-f4f7dc8b25af,2026-07-31T12:08:19.522677Z
e2743261-1fb2-447e-b89b-b9d64089ded3,b8108b45-bdf2-40e4-845a-85da79e4dd75,2026-07-31T12:08:19.522677Z
60108ceb-21f3-4447-8a98-5e31e2b89e24,a462d58b-ca7e-4132-a04e-9f85ca22f99b,2026-07-31T12:08:19.522677Z
f765e4c6-2543-4b0d-af7f-c98b1838b5a1,601f7318-6525-4454-b99f-1e3a1826c411,2026-07-31T15:08:19.522677Z
dbf9a960-3e3a-48d2-b6c9-9a00e1a7bb73,b8108b45-bdf2-40e4-845a-85da79e4dd75,2026-07-31T15:08:19.522677Z
dc9b8523-75f3-4f47-bee5-dc5a1499e540,404131d6-5d3c-4e91-bccd-3c4c487f21bb,2026-07-31T15:08:19.522677Z
0bd9dfab-fd7d-4692-82f4-fd844fe50ac0,5ff11f7f-d9d4-4038-ac3a-c178053c11ba,2026-07-31T19:08:19.522677Z
0b9fb8c4-bf2c-4255-a794-bc6491979f05,5ff11f7f-d9d4-4038-ac3a-c178053c11ba,2026-07-31T19:08:19.522677Z
3a09bfdb-d73e-428b-9937-0b14183d7363,8150b0e3-e3b2-4e10-9963-b16af470d18f,2026-07-31T19:08:19.522677Z
348e656e-25bf-4ead-b96c-213d77edc885,78cb916c-ff40-4ab3-8b60-63a4573b722f,2026-07-31T22:08:19.522677Z
eb3d2000-a84e-4fae-86e5-6d845c58aa63,78cb916c-ff40-4ab3-8b60-63a4573b722f,2026-07-31T22:08:19.522677Z
1b4e6cac-f368-425e-a660-21ca28fa9736,e238adad-e89c-40b2-b2f3-54dbcb110b96,2026-08-01T01:08:19.522677Z
d5acad0a-93cf-4121-894f-844cdcd29373,b075b0fa-1801-46dd-b382-0f72c94b5e4d,2026-08-01T01:08:19.522677Z
98a67160-2334-43b4-818a-2cd7bccd169e,b8108b45-bdf2-40e4-845a-85da79e4dd75,2026-08-01T07:08:19.522677Z
f5ed3c31-c98b-44b2-9ad1-3fc715f8ac0d,ad450b25-9d4f-4fdf-8494-70d32dc5d6ba,2026-08-01T09:08:19.522677Z
8fe4b2a1-692c-483f-9859-c449273ad5b8,6ebf5bee-4956-4274-b5e3-9ed52d0f2f98,2026-08-01T12:08:19.522677Z
e2f669e8-9826-46e4-a311-e0c947a8ff0b,a462d58b-ca7e-4132-a04e-9f85ca22f99b,2026-08-01T13:08:19.522677Z
72562bff-b2ae-46fd-8202-c8f54ac249b3,ad450b25-9d4f-4fdf-8494-70d32dc5d6ba,2026-08-01T14:08:19.522677Z
9c3bdb1d-ff68-414d-8d90-29f60293e17f,f18df8b3-628f-44ab-86be-8d5d99840304,2026-08-01T14:08:19.522677Z
8f9b302a-b169-4a09-ad43-b52360e07875,6ad81ddc-562a-48a2-b401-a46793ec85ef,2026-08-01T14:08:19.522677Z
2cb3b768-1ba7-472b-8a65-3aabcfb4cd63,3ee9167e-6742-4a8d-9b2b-1a0aeff53059,2026-08-01T16:08:19.522677Z
e551d9b2-a798-4810-ba7a-31e79e199d73,18475167-7333-455a-ae12-ce014b197ca1,2026-08-01T16:08:19.522677Z
95ec9cab-bde9-42e5-9fc7-deb445fd0be1,cf5566ea-5db3-48bb-ad97-c000ed63f4ca,2026-08-01T19:08:19.522677Z
553ffd6f-c104-4976-8067-132530f0b787,6ebf5bee-4956-4274-b5e3-9ed52d0f2f98,2026-08-01T19:08:19.522677Z
a9f30687-6f96-470e-8050-459c622526d7,6ebf5bee-4956-4274-b5e3-9ed52d0f2f98,2026-08-01T21:08:19.522677Z
8d0c4d9c-0544-4eda-a666-c73b366a0208,d6cbf608-08cf-4e7e-b249-ce97f02f3a13,2026-08-01T22:08:19.522677Z
28bf458e-9e69-4630-b78c-c20af274a6d9,e755dbff-3ae1-4161-8622-9070c2d1da68,2026-08-01T23:08:19.522677Z
12740cbb-c017-48f3-89ec-817bdd866076,362c1fc9-88b1-4e09-ae0c-5f7d0e7aafc4,2026-08-02T00:08:19.522677Z
2587b3a2-088a-40a5-a584-fdfe57d1c214,bcbd7f20-74f6-413e-a4a1-c121ad192068,2026-08-02T02:08:19.522677Z
ca822ee7-21fd-45e9-861d-225a8a763c06,e238adad-e89c-40b2-b2f3-54dbcb110b96,2026-08-02T03:08:19.522677Z
5064199f-b37a-43cb-ba9c-2c81f30ce48a,671d5886-658e-4986-861c-a036eaf50cb1,2026-08-02T03:08:19.522677Z
2e2b4cdf-6522-43da-b024-5376850e8949,ad450b25-9d4f-4fdf-8494-70d32dc5d6ba,2026-08-02T03:08:19.522677Z
0ba98a23-0afa-48c1-a780-20bd7fe5735e,238bd148-b178-411c-9d08-a69b5547fa41,2026-08-02T03:08:19.522677Z
6d065a95-3271-4720-851f-822b55d558c3,9e07b68b-f839-4580-a6a4-92a702843d71,2026-08-02T04:08:19.522677Z
c0cf8563-1968-47c4-91e0-ed632ceb8f64,9b6d61fd-c9bb-41eb-827e-c6c77680f308,2026-08-02T05:08:19.522677Z
be8146d5-ca92-44b6-9cb7-167d98311e25,a462d58b-ca7e-4132-a04e-9f85ca22f99b,2026-08-02T05:08:19.522677Z
711056f1-61fd-41cf-a157-8af83d0a5009,6407ee86-2016-4750-a7ac-7e3e3c159db6,2026-08-02T09:08:19.522677Z
1472f961-03aa-42c5-841c-b203e0a6826a,d6cbf608-08cf-4e7e-b249-ce97f02f3a13,2026-08-02T10:08:19.522677Z
41e63669-7c6a-48ba-a2ec-26f24b1ae4e6,404131d6-5d3c-4e91-bccd-3c4c487f21bb,2026-08-02T12:08:19.522677Z
9fe7a766-0c10-424e-8cd0-f73064591b8d,c92b8f39-ef83-4708-87ac-9407e75c339a,2026-08-02T14:08:19.522677Z
df994f4d-26fc-4fe7-b4a6-bc3b53655595,1b9743e1-c74f-443b-b198-976054380b8e,2026-08-02T14:08:19.522677Z
24b9ccb7-9292-429a-938e-cce77a05366b,6407ee86-2016-4750-a7ac-7e3e3c159db6,2026-08-02T15:08:19.522677Z
3b109ef0-acee-4c14-b3ca-718c3b3f6cf5,671d5886-658e-4986-861c-a036eaf50cb1,2026-08-02T15:08:19.522677Z
d6875dec-fd88-4162-adac-27893c590ad2,7e81b358-644b-4bfa-bd4f-24b7c8b79d55,2026-08-02T15:08:19.522677Z
9aad36e9-6b4e-4381-a077-6f75a7f41daf,7e81b358-644b-4bfa-bd4f-24b7c8b79d55,2026-08-02T16:08:19.522677Z
fe4800ae-4592-4031-969d-24af79e72ed2,404131d6-5d3c-4e91-bccd-3c4c487f21bb,2026-08-02T16:08:19.522677Z
ce65e5e3-0db4-442b-8dba-f4532b61ab0d,3ee9167e-6742-4a8d-9b2b-1a0aeff53059,2026-08-02T17:08:19.522677Z
e561f690-84f3-4f95-87c3-f271e34fb593,78be9615-3821-4bc5-b7d3-7e98bb1fdbed,2026-08-02T18:08:19.522677Z
aa217c16-6ec5-428a-aa3c-d6a38fb47dfb,5ee96591-212c-40aa-aec4-277cb19c42b9,2026-08-02T19:08:19.522677Z
383b521f-f67e-4a16-8631-2cf47f396414,e238adad-e89c-40b2-b2f3-54dbcb110b96,2026-08-02T20:08:19.522677Z
40c501db-5af9-4885-8f48-eb29af0141eb,56c19634-2b81-4b0c-8030-17324ab308c5,2026-08-02T21:08:19.522677Z
195d32e0-b2d6-4a9b-91fd-f3c8eb7151cf,6ebf5bee-4956-4274-b5e3-9ed52d0f2f98,2026-08-02T22:08:19.522677Z
c3d9e8cb-9e20-4ff1-a343-6090ad6b2a71,49267422-5022-4924-802b-9164674d8b02,2026-08-02T23:08:19.522677Z
5c77a464-61da-420e-8b11-d400ab2846ba,bb4e93a8-28f8-4a6a-816a-2e51dc782443,2026-08-02T23:08:19.522677Z
d39711b3-c01f-4030-8dec-0c2b5326be00,3ee9167e-6742-4a8d-9b2b-1a0aeff53059,2026-08-03T00:08:19.522677Z
16ca47fb-6282-44e3-aa9e-4f3394829e64,15eaad32-a22c-466a-8f14-e6eb27d58b8d,2026-08-03T03:08:19.522677Z
6f4352f1-d3e7-4768-a555-3830157c25bc,6487ae04-95cb-4489-8c25-756aebe70b4d,2026-08-03T03:08:19.522677Z
143050cb-b970-4277-8d71-faf844fd0ca6,18475167-7333-455a-ae12-ce014b197ca1,2026-08-03T04:08:19.522677Z
5e705c8a-436c-4dd5-8362-4fc9f4f83e98,80db6fc5-e3ac-461b-8085-4b3c77b484e1,2026-08-03T05:08:19.522677Z
6ac6c442-45b9-4eb8-afd9-f0358ce309ae,15eaad32-a22c-466a-8f14-e6eb27d58b8d,2026-08-03T06:08:19.522677Z
2423b279-5e7d-43f9-8d78-9d55b6f1a527,d84dbf70-0d07-4591-b0c7-c0e743ff2a34,2026-08-03T06:08:19.522677Z
1bc9a296-1e7a-46bf-9559-b4095035466b,671d5886-658e-4986-861c-a036eaf50cb1,2026-08-03T08:08:19.522677Z
178f3183-5a02-4cef-9ce1-14c2b4d0e0b1,829f1fa8-a370-41ed-9791-d31e2ad14897,2026-08-03T10:08:19.522677Z
78e4fe16-3727-4027-9109-d2e9f561842a,09a760f7-73f7-4699-b1a6-d0cf7c513e2a,2026-08-03T12:08:19.522677Z
9333f640-d72f-4d3d-a786-49bc3868d509,671d5886-658e-4986-861c-a036eaf50cb1,2026-08-03T13:08:19.522677Z
1383ab95-1f8d-43b1-ba37-1736ff5d5644,6ebf5bee-4956-4274-b5e3-9ed52d0f2f98,2026-08-03T13:08:19.522677Z
99627039-6157-4d1f-8f74-0ac8fb250a10,15eaad32-a22c-466a-8f14-e6eb27d58b8d,2026-08-03T14:08:19.522677Z
57fda325-d0d4-4207-8f5e-85ef9f1cea44,aa00a985-a684-4e50-9ab8-880962f9e40c,2026-08-03T14:08:19.522677Z
e1da02a5-dc3c-47b6-86a0-5c260b12c6a3,238bd148-b178-411c-9d08-a69b5547fa41,2026-08-03T15:08:19.522677Z
83c5de4f-f0eb-4d35-8e15-ed83ca876ac9,3ee9167e-6742-4a8d-9b2b-1a0aeff53059,2026-08-03T15:08:19.522677Z
f3b4c0f5-1b66-4463-9769-844a34b873fb,6ebf5bee-4956-4274-b5e3-9ed52d0f2f98,2026-08-03T16:08:19.522677Z
c7057ede-64c9-481c-882d-49548711ba0c,238bd148-b178-411c-9d08-a69b5547fa41,2026-08-03T17:08:19.522677Z
70680143-3038-4933-a0f6-0da72d25e79d,8150b0e3-e3b2-4e10-9963-b16af470d18f,2026-08-03T17:08:19.522677Z
196e5d96-0b14-4a68-8ac0-b5209b0c1b06,671d5886-658e-4986-861c-a036eaf50cb1,2026-08-03T18:08:19.522677Z
8d511976-47ac-4979-bdd5-f4d33a786160,97924160-8d57-4df5-af18-48df28346acf,2026-08-03T18:08:19.522677Z
53ae280c-af71-4003-ae5d-60f0e4bb2a0b,5ff11f7f-d9d4-4038-ac3a-c178053c11ba,2026-08-03T18:08:19.522677Z
b6785574-3fe8-46c7-a8ac-ec694f0342ec,671d5886-658e-4986-861c-a036eaf50cb1,2026-08-03T19:08:19.522677Z
603074ee-2e30-4ef3-b06f-66de1de78aee,80d9a69d-4327-4800-bccf-6eb3f6bde2f8,2026-08-03T20:08:19.522677Z
1a6cd6af-0de4-43d5-80f1-ce02db9d72ae,1631e8ca-d9ee-417c-8b4e-ef967a4a245a,2026-08-03T20:08:19.522677Z
1834461f-6653-4338-bb7b-a04326938870,6407ee86-2016-4750-a7ac-7e3e3c159db6,2026-08-03T21:08:19.522677Z
3086c0bf-ab68-4e5b-bd73-565c6a8c9025,671d5886-658e-4986-861c-a036eaf50cb1,2026-08-03T21:08:19.522677Z
befba42f-7101-40c4-a12d-00a1dd471e94,a462d58b-ca7e-4132-a04e-9f85ca22f99b,2026-08-03T21:08:19.522677Z
ae0c364d-034b-4310-8305-9f4ade886742,404131d6-5d3c-4e91-bccd-3c4c487f21bb,2026-08-03T21:08:19.522677Z
ab69be7f-ae70-4df2-94f6-4a3ec4597330,15eaad32-a22c-466a-8f14-e6eb27d58b8d,2026-08-03T22:08:19.522677Z
6ed65d6b-0326-4a13-abc2-8f603e66f366,80db6fc5-e3ac-461b-8085-4b3c77b484e1,2026-08-03T23:08:19.522677Z
5051e117-e437-4a7d-b36a-86a17a36696b,9700f2da-1d52-4e1b-8610-f23e7d13ba9f,2026-08-04T00:08:19.522677Z
b7491b89-e0e5-49dc-8dc1-63cf828fe613,c7627858-63a6-4cf0-bedf-a2c7ccce7573,2026-08-04T01:08:19.522677Z
d22b1464-0472-401b-a3e1-d38030482cde,6407ee86-2016-4750-a7ac-7e3e3c159db6,2026-08-04T03:08:19.522677Z
1e169595-c18a-4092-9eca-25691ba9e6b8,068161b4-2502-4830-8ae1-6e7d570b9b16,2026-08-04T06:08:19.522677Z
07c868ea-4619-4c2f-92fc-42395b90bcbb,d1d7ce21-ca96-45c1-a21f-95f7caff5026,2026-08-04T07:08:19.522677Z
7d3f963d-e5c5-4cdb-99fe-3de0bb4acb6e,ff859f8b-a733-48c1-b4df-51e308a8e5d2,2026-08-04T08:08:19.522677Z
f68ad6cc-62f8-483c-8359-bacf8b87ccf1,11a2000d-b0ce-4a65-bc86-90f5c0c8a6dd,2026-08-04T09:08:19.522677Z
4fd13b21-3a13-43be-bec9-68df15f9c293,11a2000d-b0ce-4a65-bc86-90f5c0c8a6dd,2026-08-04T09:08:19.522677Z
8ad5268a-e1b0-48b3-8c20-22989bafc6f7,c7627858-63a6-4cf0-bedf-a2c7ccce7573,2026-08-04T09:08:19.522677Z
1044e94a-a7d5-44fc-84e1-07fce61e22c5,c7627858-63a6-4cf0-bedf-a2c7ccce7573,2026-08-04T10:08:19.522677Z
85be1e1f-7816-4473-a7ad-af448a3d0d1f,7e81b358-644b-4bfa-bd4f-24b7c8b79d55,2026-08-04T10:08:19.522677Z
5a7ee5ba-fdda-4e39-ba54-51e47a615683,6ebf5bee-4956-4274-b5e3-9ed52d0f2f98,2026-08-04T11:08:19.522677Z
982814ee-4aa9-4482-bfa6-6c9041b4c56e,49267422-5022-4924-802b-9164674d8b02,2026-08-04T13:08:19.522677Z
1e37a735-6f98-49f5-9017-3f82ed25f9e6,5ff11f7f-d9d4-4038-ac3a-c178053c11ba,2026-08-04T13:08:19.522677Z
e3ce1f35-dcd0-4759-ba93-a90a82cdde84,6ebf5bee-4956-4274-b5e3-9ed52d0f2f98,2026-08-04T13:08:19.522677Z
532f55f6-f16f-46df-8d47-9717deefd80e,49267422-5022-4924-802b-9164674d8b02,2026-08-04T14:08:19.522677Z
2ff6c648-9ca6-40e4-9b7b-625b7fb41171,c7627858-63a6-4cf0-bedf-a2c7ccce7573,2026-08-04T15:08:19.522677Z
6c76ffd1-0d03-4caf-94b5-3a2a7f23dfea,78be9615-3821-4bc5-b7d3-7e98bb1fdbed,2026-08-04T15:08:19.522677Z
6b3797c0-8ff5-4184-8027-3b421de482ce,15eaad32-a22c-466a-8f14-e6eb27d58b8d,2026-08-04T16:08:19.522677Z
7814f564-d485-42fc-b66c-03c03848b6de,95928b89-fa28-4a91-a5bb-1ed7ff2043ca,2026-08-04T16:08:19.522677Z
ada8f50e-8072-4127-a8f6-0793bef87bbf,7e81b358-644b-4bfa-bd4f-24b7c8b79d55,2026-08-04T19:08:19.522677Z
d208f19d-2c86-46fa-b9b5-43e78f01424f,9953a916-61d9-4ad7-9e5a-39eaaac9aa4d,2026-08-04T22:08:19.522677Z
19eea48e-9b8d-427b-9058-beab22c65115,11a2000d-b0ce-4a65-bc86-90f5c0c8a6dd,2026-08-04T23:08:19.522677Z
e59044a3-2bd4-4bb5-a5f7-7bd3c5fe89d3,1c2b1cb5-cf80-485c-b8ef-6a4b822bfbbc,2026-08-05T02:08:19.522677Z
4a0b155d-7828-4b27-a263-173b3cfe2aac,15eaad32-a22c-466a-8f14-e6eb27d58b8d,2026-08-05T04:08:19.522677Z
20fabc48-b83a-44ad-8a91-5890d0c646e9,508b1b18-d541-4332-ba0a-300a0914829b,2026-08-05T04:08:19.522677Z
6439ffb4-5d6e-4308-84f2-91352a685fb9,6ebf5bee-4956-4274-b5e3-9ed52d0f2f98,2026-08-05T04:08:19.522677Z
5ee683b7-3dbc-413f-ad7e-c5712a7da2b3,15eaad32-a22c-466a-8f14-e6eb27d58b8d,2026-08-05T05:08:19.522677Z
65f1161f-0415-4ce6-b02b-0e41cf70facf,d1d7ce21-ca96-45c1-a21f-95f7caff5026,2026-08-05T06:08:19.522677Z
feb78d04-1f5e-4e3a-9f51-d4968a0618fb,56c19634-2b81-4b0c-8030-17324ab308c5,2026-08-05T07:08:19.522677Z
217991c0-dc85-4aab-a1f2-abafbf4b54c2,c7627858-63a6-4cf0-bedf-a2c7ccce7573,2026-08-05T08:08:19.522677Z
de1dc52d-6b28-4f18-8896-3f4716464c0c,c29034a1-70f8-460a-8152-8a7ce7c14c75,2026-08-05T10:08:19.522677Z
4322c3b6-ddbf-4c83-bd78-aee782cae462,d84dbf70-0d07-4591-b0c7-c0e743ff2a34,2026-08-05T11:08:19.522677Z
e9c30d09-ac6a-4375-a2f6-07b15caf267e,6ebf5bee-4956-4274-b5e3-9ed52d0f2f98,2026-08-05T12:08:19.522677Z
d1864ced-5b97-45b8-8bfd-dfff68f37a86,78be9615-3821-4bc5-b7d3-7e98bb1fdbed,2026-08-05T19:08:19.522677Z
bffd4ff6-150c-4722-9cf7-905fa7013d83,11a2000d-b0ce-4a65-bc86-90f5c0c8a6dd,2026-08-05T21:08:19.522677Z
30957e11-a05c-41aa-b849-b5fb03ecd12a,76a42f18-c36b-4ac1-8ffb-51c4011c10a5,2026-08-05T21:08:19.522677Z
a4e57192-1dea-491a-8ed0-9cd2ea8b9b3f,7e81b358-644b-4bfa-bd4f-24b7c8b79d55,2026-08-06T00:08:19.522677Z
3ec54d04-01b8-46a0-803d-97cff9d38a80,11a2000d-b0ce-4a65-bc86-90f5c0c8a6dd,2026-08-06T01:08:19.522677Z
afb2d7e2-b53a-4e37-8484-73b6f4969044,c7627858-63a6-4cf0-bedf-a2c7ccce7573,2026-08-06T05:08:19.522677Z
1bfd351b-7aca-4118-9917-79d2d852f017,c7627858-63a6-4cf0-bedf-a2c7ccce7573,2026-08-06T05:08:19.522677Z
10ec415a-f0b4-495c-97da-eedb48a03263,11a2000d-b0ce-4a65-bc86-90f5c0c8a6dd,2026-08-06T06:08:19.522677Z
18efbb8e-c87f-410e-9e20-28cf8a4734ff,15eaad32-a22c-466a-8f14-e6eb27d58b8d,2026-08-06T06:08:19.522677Z
1b333e57-c167-47bf-8a68-362de1141b50,11a2000d-b0ce-4a65-bc86-90f5c0c8a6dd,2026-08-06T11:08:19.522677Z
105ac80e-be93-4fad-87ea-b8925b5537eb,2c998504-101d-4821-aa00-7e08a98e325d,2026-08-06T11:08:19.522677Z
1eee65c4-4f71-4ade-aa8a-aa6bdd0e4ba2,671d5886-658e-4986-861c-a036eaf50cb1,2026-08-06T11:08:19.522677Z
79404af7-85a0-4321-8c29-db6f8eaf622b,15eaad32-a22c-466a-8f14-e6eb27d58b8d,2026-08-06T12:08:19.522677Z
bf6ca1e6-a7a4-4884-a7ae-129abea9adce,11a2000d-b0ce-4a65-bc86-90f5c0c8a6dd,2026-08-06T14:08:19.522677Z
fff1789d-3c3e-46f0-8372-5a2ec7796f9b,11a2000d-b0ce-4a65-bc86-90f5c0c8a6dd,2026-08-06T14:08:19.522677Z
52c045c3-5df3-4404-9e66-a5b3bd1ccf47,15eaad32-a22c-466a-8f14-e6eb27d58b8d,2026-08-06T14:08:19.522677Z
42b176cb-d412-48a3-8625-ded5ee0a3a3f,af95568a-6968-48c6-bf8f-7b9d998d0dab,2026-08-06T14:08:19.522677Z
a4986015-3055-4c48-b379-41d615d97f79,671d5886-658e-4986-861c-a036eaf50cb1,2026-08-06T17:08:19.522677Z
074e4d97-6a10-4e4e-91ee-d8d2656d4fe3,6cf6e469-3076-4306-80e2-b7b721a0ae8e,2026-08-06T18:08:19.522677Z
8f8b2067-66a1-4688-b289-7bea3f1e9eef,b48cbe44-6589-404c-b5ce-8e63717b9eef,2026-08-06T20:08:19.522677Z
7d40b829-9dbe-459b-89a7-14b261f39d52,c7627858-63a6-4cf0-bedf-a2c7ccce7573,2026-08-06T23:08:19.522677Z
1867e88a-ae5a-4643-b71b-d7ca12b84c46,6cf6e469-3076-4306-80e2-b7b721a0ae8e,2026-08-07T01:08:19.522677Z
e25aff7b-b6c3-4e11-a465-b172aedc8b2a,247ba8f6-4f0a-4ce1-972c-8e6c207c3299,2026-08-07T01:08:19.522677Z
ac502191-79e6-4634-bdfc-7d6942f9b3cf,3ffcfe70-79e8-4669-b490-84c930504485,2026-08-07T03:08:19.522677Z
fe7db847-62a4-419e-9bb4-7b3914a4f694,6cf6e469-3076-4306-80e2-b7b721a0ae8e,2026-08-07T05:08:19.522677Z
c1163454-2d14-43e0-9d92-bb5079fa55af,6cf6e469-3076-4306-80e2-b7b721a0ae8e,2026-08-07T08:08:19.522677Z
c508c49e-bf57-4b12-ad90-45125a61b7b9,11a2000d-b0ce-4a65-bc86-90f5c0c8a6dd,2026-08-07T11:08:19.522677Z
68c80c7b-7bf9-457e-afe9-653dd1761dd1,11a2000d-b0ce-4a65-bc86-90f5c0c8a6dd,2026-08-07T13:08:19.522677Z
1fc1241d-3d4e-4dcf-b97f-28a30df866ed,b26abf23-0e63-4d18-b896-8df43a28500b,2026-08-07T13:08:19.522677Z
b5fa3bb6-8332-48d4-8695-c111455a4510,0028b66d-dc99-4fe7-aa05-798d00de170d,2026-08-07T15:08:19.522677Z
b2180f1e-c89e-41b4-bafd-d68993c9a482,ae971278-2599-4fb5-a12f-f72543547224,2026-08-07T15:08:19.522677Z
a5f2ccc2-e050-4451-b964-e79d2827c933,b26abf23-0e63-4d18-b896-8df43a28500b,2026-08-07T16:08:19.522677Z
8c49227b-37e7-4dee-bd68-6f67b9901926,a2478ae2-114f-4234-95ac-94dd24dd0baa,2026-08-07T17:08:19.522677Z
c184ba3d-3ce4-426a-b274-caaa8002f9a5,33f63408-364f-4055-9c44-703400b053cf,2026-08-07T18:08:19.522677Z
7b52b84c-1217-48cb-bfc9-691cc3671217,11a2000d-b0ce-4a65-bc86-90f5c0c8a6dd,2026-08-07T21:08:19.522677Z
af93ccd5-10ec-42f6-8833-219696ff1450,a3db7683-42ba-4c29-92a5-340e3a2fa710,2026-08-07T21:08:19.522677Z
a0d877b8-29ca-4261-8d9f-9c2b60dafc53,d1d7ce21-ca96-45c1-a21f-95f7caff5026,2026-08-07T23:08:19.522677Z
870aa41c-9ee4-4580-8736-210e89b50871,b26abf23-0e63-4d18-b896-8df43a28500b,2026-08-08T02:08:19.522677Z
b01fd625-57ee-4934-8b9d-4c58c1e1b603,4cd624ab-35bf-4aa3-8ad1-f1e1eb28b3e8,2026-08-08T02:08:19.522677Z
2d499428-35aa-447b-9547-deb2d965ab99,6cf6e469-3076-4306-80e2-b7b721a0ae8e,2026-08-08T03:08:19.522677Z
38eb98f7-0d3c-489c-8990-8842a41df4eb,2d3010a9-2f31-4000-9539-74a7ea83e1d0,2026-08-08T04:08:19.522677Z
3b900d8b-57d2-402a-b22b-603b83a332f0,2d3010a9-2f31-4000-9539-74a7ea83e1d0,2026-08-08T06:08:19.522677Z
adea3065-9e6a-497e-b089-2bfba1730521,2353dd22-416b-46a2-b321-ef65437ece52,2026-08-08T08:08:19.522677Z
ced4c611-9ae0-456c-b7f6-1ed4ede02b2d,b26abf23-0e63-4d18-b896-8df43a28500b,2026-08-08T08:08:19.522677Z
a2a23f5e-4536-4f9c-9830-5ff7a72beeb0,6cf6e469-3076-4306-80e2-b7b721a0ae8e,2026-08-08T09:08:19.522677Z
dc4429c9-919b-4ec9-8c42-ba630cdd66ea,6cf6e469-3076-4306-80e2-b7b721a0ae8e,2026-08-08T09:08:19.522677Z
aa517da4-1b58-4dd4-bea9-238217e39e8c,11a2000d-b0ce-4a65-bc86-90f5c0c8a6dd,2026-08-08T11:08:19.522677Z
d80ad981-022f-4cde-baf6-d45a3edc5043,af95568a-6968-48c6-bf8f-7b9d998d0dab,2026-08-08T11:08:19.522677Z
83b458e5-7f9e-4524-bb9e-a90785c2a1c7,ae971278-2599-4fb5-a12f-f72543547224,2026-08-08T11:08:19.522677Z
95f8a194-9e1f-4d9b-b3fd-36a27354be9b,11a2000d-b0ce-4a65-bc86-90f5c0c8a6dd,2026-08-08T12:08:19.522677Z
fe388ef2-fefb-4969-a07c-9ef94c2d5a77,6cf6e469-3076-4306-80e2-b7b721a0ae8e,2026-08-08T12:08:19.522677Z
6c66f6fb-bde3-43bb-9fb1-56a91782af64,c7627858-63a6-4cf0-bedf-a2c7ccce7573,2026-08-08T13:08:19.522677Z
9a9b426c-a61a-4f9d-8e6e-a772c0e77684,ae971278-2599-4fb5-a12f-f72543547224,2026-08-08T13:08:19.522677Z
10ce0d2d-ac6a-4976-8139-a86426833d95,0028b66d-dc99-4fe7-aa05-798d00de170d,2026-08-08T15:08:19.522677Z
e0e872be-6cc2-40b7-bc30-4625f333208f,0028b66d-dc99-4fe7-aa05-798d00de170d,2026-08-08T17:08:19.522677Z
d0b6ba5b-1341-4835-a472-290b62de2f68,6cf6e469-3076-4306-80e2-b7b721a0ae8e,2026-08-08T18:08:19.522677Z
2e215b3d-1fd6-4bd4-b56f-3865e6eba71c,2d3010a9-2f31-4000-9539-74a7ea83e1d0,2026-08-08T18:08:19.522677Z
271db900-ea84-49da-ab03-d897dcbad800,d1d7ce21-ca96-45c1-a21f-95f7caff5026,2026-08-08T19:08:19.522677Z
a9800e43-a224-45cf-bca1-168ff43c1a48,c7627858-63a6-4cf0-bedf-a2c7ccce7573,2026-08-08T19:08:19.522677Z
7e03216a-3587-4a1c-84f6-9eece45a0b1c,2d3010a9-2f31-4000-9539-74a7ea83e1d0,2026-08-08T21:08:19.522677Z
009c25db-2053-4fd0-a7a3-f0104cf9bb97,7c2e809f-1eab-4928-8a2a-7c219c4859ad,2026-08-08T22:08:19.522677Z
1c03be6c-25f9-4e62-8217-8cacca7d8455,7d8bd8a5-ca1d-4e87-9362-92ca25845a7c,2026-08-08T22:08:19.522677Z
8233f480-790f-4820-b476-74db616e7920,ae971278-2599-4fb5-a12f-f72543547224,2026-08-09T00:08:19.522677Z
aea8cd5b-9210-4704-a8f9-b1dc58514f71,210de859-55d2-4cb6-a2ad-300736391c6c,2026-08-09T01:08:19.522677Z
c65cbb0b-6151-49f0-9cc8-ec64d8984206,1beaa3a8-eef0-4b80-b0ed-9d7036c55e60,2026-08-09T01:08:19.522677Z
00053a1f-7839-436b-ab9e-785f6625ee8f,197fec3d-10b4-43e9-b3b9-df65bb75559e,2026-08-09T02:08:19.522677Z
60c5755c-f0f6-41e0-a3dc-327e02a03502,464a2719-298e-496f-97be-c23c343de97f,2026-08-09T03:08:19.522677Z
e6480bc4-3112-4342-bfe9-8f89312600d2,50d07087-a125-4b57-b853-8a6e37f2df5e,2026-08-09T04:08:19.522677Z
509765c3-84ee-43ac-9515-92c6c389b94a,0028b66d-dc99-4fe7-aa05-798d00de170d,2026-08-09T05:08:19.522677Z
4f2b9e67-8aa3-44f6-b688-ce1695119a01,530e1f77-acaf-4a49-a3d4-523a227917fc,2026-08-09T06:08:19.522677Z
13b86d33-173e-474e-92b9-f2d7d1be02c6,43ef4594-ecc5-44f6-80a3-3f6fbe737ddd,2026-08-09T08:08:19.522677Z
f6f30967-2b5e-4bfa-a58d-5cfc160533de,af95568a-6968-48c6-bf8f-7b9d998d0dab,2026-08-09T09:08:19.522677Z
1cf48bff-1198-4104-9bb8-179bd8068887,50d07087-a125-4b57-b853-8a6e37f2df5e,2026-08-09T09:08:19.522677Z
1d45b6aa-e356-4e91-adfa-ff54274bea88,b26abf23-0e63-4d18-b896-8df43a28500b,2026-08-09T12:08:19.522677Z
d4f5fadd-4ff4-446d-9d65-74ef2a582cc0,50d07087-a125-4b57-b853-8a6e37f2df5e,2026-08-09T14:08:19.522677Z
25f9e0fc-d3c8-4d4d-8e9f-67b5a07428c0,50d07087-a125-4b57-b853-8a6e37f2df5e,2026-08-09T14:08:19.522677Z
a0071fe0-9530-4867-a4b7-2b931cbc171a,464a2719-298e-496f-97be-c23c343de97f,2026-08-09T14:08:19.522677Z
28a173be-36f8-4515-8da2-86ed74ffa12e,ae971278-2599-4fb5-a12f-f72543547224,2026-08-09T14:08:19.522677Z
5661afdc-874a-442e-a897-7872276c27a6,aa0eaf5e-7b36-41b6-9eb4-bbef7b06341a,2026-08-09T16:08:19.522677Z
ec6e24ed-b8be-46a8-bd60-1b33252bd995,6cf6e469-3076-4306-80e2-b7b721a0ae8e,2026-08-09T17:08:19.522677Z
21bbe251-3ff0-42a1-9c6c-1b2f625a5d0b,af95568a-6968-48c6-bf8f-7b9d998d0dab,2026-08-09T18:08:19.522677Z
b4c07589-8eb8-40f2-9100-7dd3a6017f99,b48cbe44-6589-404c-b5ce-8e63717b9eef,2026-08-09T19:08:19.522677Z
e2ea38d6-a5aa-4048-8579-203f41bb40b9,c0747b2f-965c-42ba-abbd-711802267dbe,2026-08-09T19:08:19.522677Z
02885da8-f3f3-4e36-8ae3-3fe0801f4dfa,26eede9f-6613-4d85-b84a-7d6590aa33a2,2026-08-09T20:08:19.522677Z
0d77dbee-275d-4bf8-b80e-ce441e11e0e7,b26abf23-0e63-4d18-b896-8df43a28500b,2026-08-09T20:08:19.522677Z
39602d93-74e0-4d24-9a8b-ed0ea3234e2f,26eede9f-6613-4d85-b84a-7d6590aa33a2,2026-08-09T21:08:19.522677Z
fe50e921-ada3-4bb2-a4f7-d6a529f797ba,43ef4594-ecc5-44f6-80a3-3f6fbe737ddd,2026-08-09T22:08:19.522677Z
2364a752-13e4-488d-85f4-dfb719ce2e91,26eede9f-6613-4d85-b84a-7d6590aa33a2,2026-08-09T22:08:19.522677Z
157a6d43-1d95-4cc3-8b9c-5a3b1f08f0ee,43ef4594-ecc5-44f6-80a3-3f6fbe737ddd,2026-08-10T00:08:19.522677Z
c26f0a79-dd06-4722-a3d3-0adaf3f570ef,b26abf23-0e63-4d18-b896-8df43a28500b,2026-08-10T01:08:19.522677Z
54ed9f4b-b85b-475c-a1b4-350f411c6b8e,af95568a-6968-48c6-bf8f-7b9d998d0dab,2026-08-10T02:08:19.522677Z
f05bbda7-58a6-4fa4-b715-f7739eedcb38,634384ba-0b8f-4ec8-9478-4a02edbe7f55,2026-08-10T04:08:19.522677Z
c39d0f18-68ff-4ac7-8dcb-5fdc7920c8a3,ae971278-2599-4fb5-a12f-f72543547224,2026-08-10T04:08:19.522677Z
c260ac3f-7ca4-4b80-b3ae-1a0265453554,2d96b1bc-3f9c-4bd7-8ca1-60d92adb81ad,2026-08-10T05:08:19.522677Z
c7dd69ba-d311-45ef-a0ac-4dd79a92ecb9,634384ba-0b8f-4ec8-9478-4a02edbe7f55,2026-08-10T07:08:19.522677Z
a1b414b6-bd6e-45df-b34d-b043e66313f3,3e28fcbc-6a34-47ed-bcee-7b6d23aeec6c,2026-08-10T07:08:19.522677Z
c2bdd5d5-042b-43e0-9684-11fbc77f6dcf,464a2719-298e-496f-97be-c23c343de97f,2026-08-10T08:08:19.522677Z
ed2cc993-72f0-44e1-ab12-8ef3289299be,c987c5db-2947-45d9-bab2-a5b70d85fd90,2026-08-10T11:08:19.522677Z
5c5de851-7e17-4522-9c5e-b603518980c6,c987c5db-2947-45d9-bab2-a5b70d85fd90,2026-08-10T12:08:19.522677Z
6568d3c4-487d-46ec-a41e-eeba0d0f04a0,6cf6e469-3076-4306-80e2-b7b721a0ae8e,2026-08-10T13:08:19.522677Z
7426253b-ab6a-4430-8763-421e91357a9e,9c4f05b5-1288-43bb-96de-44b97c873880,2026-08-10T13:08:19.522677Z
725e4d95-9ffb-4a30-a17f-cb02b202aba2,43ef4594-ecc5-44f6-80a3-3f6fbe737ddd,2026-08-10T14:08:19.522677Z
bf69c416-c3a1-4812-b055-7705e4d589ad,e7144e23-2111-4ba4-be66-1c5a0d398c5e,2026-08-10T15:08:19.522677Z
b44296d7-9b0a-4908-9350-fa1bb5580bc5,6cf6e469-3076-4306-80e2-b7b721a0ae8e,2026-08-10T16:08:19.522677Z
dacda0f7-4ad6-49d4-80b0-cf1ea1a37f9d,ccfc8b94-dd5f-4f60-98d5-751147d117f3,2026-08-10T16:08:19.522677Z
6a632db9-4378-4b02-9960-57e314dc50e6,1032131f-8ce8-49f5-b9b3-1db3c6a102cb,2026-08-10T18:08:19.522677Z
ae77eec3-f39a-4df6-853c-8d9ce0bdb7b4,c987c5db-2947-45d9-bab2-a5b70d85fd90,2026-08-10T22:08:19.522677Z
f03afb51-5c6d-4b95-a5ad-881e01e76fb0,634384ba-0b8f-4ec8-9478-4a02edbe7f55,2026-08-10T22:08:19.522677Z
a1b316a9-7236-4534-97fd-db47ae5aab39,464a2719-298e-496f-97be-c23c343de97f,2026-08-10T22:08:19.522677Z
9818db77-a45d-4edf-b236-21cac1fd4bf4,778bd563-7945-41dd-b722-6feca041e230,2026-08-10T22:08:19.522677Z
5aa0f420-b0ae-4220-9860-ae1d6a933c7e,464a2719-298e-496f-97be-c23c343de97f,2026-08-10T23:08:19.522677Z
6d5e0a25-8e28-46b3-b756-91d5109dc750,6cf6e469-3076-4306-80e2-b7b721a0ae8e,2026-08-11T00:08:19.522677Z
f7ad98a6-a7f9-4971-8050-3b0036db1f07,b26abf23-0e63-4d18-b896-8df43a28500b,2026-08-11T00:08:19.522677Z
e51fb4ce-0f32-42d2-b33c-b02a0dccecbd,6cf6e469-3076-4306-80e2-b7b721a0ae8e,2026-08-11T01:08:19.522677Z
4936d9b1-0c12-4cc7-b052-593138e6690b,fd4e8438-3a05-4634-89f4-9fc444939b57,2026-08-11T01:08:19.522677Z
f00eee1a-2bc6-45b5-bfe2-c13b1d095128,6cf6e469-3076-4306-80e2-b7b721a0ae8e,2026-08-11T02:08:19.522677Z
0ded9d6f-dc56-43dc-a20d-e439365e6c33,ae971278-2599-4fb5-a12f-f72543547224,2026-08-11T04:08:19.522677Z
69b7aeea-e4c8-46fd-9231-d1e44f24713d,ae971278-2599-4fb5-a12f-f72543547224,2026-08-11T05:08:19.522677Z
7101c2b2-da1d-4766-81f6-d057dc1386a1,2fbd7ebc-0b9d-4049-88d0-7c39741d5b5d,2026-08-11T06:08:19.522677Z
7bebc5c3-a93e-434a-a12b-916e7cbb50ac,464a2719-298e-496f-97be-c23c343de97f,2026-08-11T06:08:19.522677Z
c9150139-d547-4691-bc03-a679cec0ba7d,26eede9f-6613-4d85-b84a-7d6590aa33a2,2026-08-11T08:08:19.522677Z
92ab2540-2e4c-483e-9364-f6169539a20c,634384ba-0b8f-4ec8-9478-4a02edbe7f55,2026-08-11T09:08:19.522677Z
954c0c83-c424-403e-9094-83f0b6f515dc,50d07087-a125-4b57-b853-8a6e37f2df5e,2026-08-11T11:08:19.522677Z
3da15657-c246-4fe1-95da-17e727144df4,bd20553d-5c40-4a74-b4a1-7a07ee313973,2026-08-11T12:08:19.522677Z
cc63b095-6476-43ff-a8ff-e696cbcd64af,50d07087-a125-4b57-b853-8a6e37f2df5e,2026-08-11T12:08:19.522677Z
261b62c5-b4b8-40aa-9d4d-e9469a9249b1,bd20553d-5c40-4a74-b4a1-7a07ee313973,2026-08-11T14:08:19.522677Z
fc043d04-0113-4fe9-8c42-c6dfd6afa158,ab3d6aa2-4d67-4eeb-859e-f9b246a028ae,2026-08-11T15:08:19.522677Z
57aead67-ccff-4591-af8b-2429092a9910,b26abf23-0e63-4d18-b896-8df43a28500b,2026-08-11T15:08:19.522677Z
8ca71af3-7375-472e-86ab-424342883d24,634384ba-0b8f-4ec8-9478-4a02edbe7f55,2026-08-11T15:08:19.522677Z
a9b4ec05-279b-4fb2-ad31-b4e1d9dddfd8,464a2719-298e-496f-97be-c23c343de97f,2026-08-11T15:08:19.522677Z
34e274fd-e6a1-4b7d-9e08-40cec7862ee3,ae971278-2599-4fb5-a12f-f72543547224,2026-08-11T15:08:19.522677Z
56b0cb77-e749-44dd-bd63-c73935af3425,c8449af3-df0a-4432-9cd5-32d2a261a3ae,2026-08-11T16:08:19.522677Z
5ce46514-53e3-41c9-97cc-170fa93e6800,2d3010a9-2f31-4000-9539-74a7ea83e1d0,2026-08-11T21:08:19.522677Z
e2836886-eab0-4ccd-9faf-86b6fd823eb5,0eb67645-84cb-4adf-ae82-092162c35846,2026-08-11T22:08:19.522677Z
65e023d1-c05a-43a2-8811-bcddbf562420,464a2719-298e-496f-97be-c23c343de97f,2026-08-11T22:08:19.522677Z
c9eb0ba6-ec3c-4aca-b6c5-49f47db411c1,fd4e8438-3a05-4634-89f4-9fc444939b57,2026-08-12T00:08:19.522677Z
31851ea9-6934-48b7-817e-140e809a3b88,b26abf23-0e63-4d18-b896-8df43a28500b,2026-08-12T01:08:19.522677Z
658421cf-9add-4fd4-9750-839a8b76da0a,c8449af3-df0a-4432-9cd5-32d2a261a3ae,2026-08-12T03:08:19.522677Z
d36592fb-6657-4d81-a3e6-d3729978dc71,50d07087-a125-4b57-b853-8a6e37f2df5e,2026-08-12T05:08:19.522677Z
0a696156-1120-4fc0-84d3-40fca93d43cd,464a2719-298e-496f-97be-c23c343de97f,2026-08-12T05:08:19.522677Z
aa3ab8f8-ed91-4b08-9e91-c3c8e5ddeec4,d6462305-c5bb-48f0-bd94-af47e029df3f,2026-08-12T06:08:19.522677Z
2fec9f58-5815-4b69-a012-a0b8e047e500,464a2719-298e-496f-97be-c23c343de97f,2026-08-12T06:08:19.522677Z
0cfab453-1fa7-445b-ae6d-5a2d3197e5bb,ae971278-2599-4fb5-a12f-f72543547224,2026-08-12T06:08:19.522677Z
2f37023f-e35b-475d-a605-5dbbc0194604,50d07087-a125-4b57-b853-8a6e37f2df5e,2026-08-12T07:08:19.522677Z
39ffa527-bc04-4c16-8730-35e66719246a,1032131f-8ce8-49f5-b9b3-1db3c6a102cb,2026-08-12T07:08:19.522677Z
65b0ec75-07a1-4b2a-adb6-b23a218ebf85,50d07087-a125-4b57-b853-8a6e37f2df5e,2026-08-12T10:08:19.522677Z
524fef0a-3faf-42d7-95a1-cd6f05529e52,2fbd7ebc-0b9d-4049-88d0-7c39741d5b5d,2026-08-12T11:08:19.522677Z
b46b2ea1-206d-4baa-931a-6ef71a2ab4c3,c987c5db-2947-45d9-bab2-a5b70d85fd90,2026-08-12T11:08:19.522677Z
ba098171-28ff-4854-83d7-b3d2632f07c5,ae971278-2599-4fb5-a12f-f72543547224,2026-08-12T11:08:19.522677Z
25be321b-a45d-47b9-a08b-076b9f808217,ccfc8b94-dd5f-4f60-98d5-751147d117f3,2026-08-12T11:08:19.522677Z
1dcb6e5a-4a51-4eca-82f1-614779ed1169,0049703e-1cd0-49ff-8054-4b50d59129d4,2026-08-12T14:08:19.522677Z
54b49f3f-59aa-409b-9912-5899949ae1d0,634384ba-0b8f-4ec8-9478-4a02edbe7f55,2026-08-12T14:08:19.522677Z
ef3d583f-812b-45ee-843c-80204163c4e1,778bd563-7945-41dd-b722-6feca041e230,2026-08-12T17:08:19.522677Z
71dc3ada-ddce-42e1-9d7f-39e6738f895c,c8449af3-df0a-4432-9cd5-32d2a261a3ae,2026-08-12T18:08:19.522677Z
b86f5cbb-cd64-4a7c-b6c9-c583fee98c2e,d70ef3c9-4484-458f-bf72-b83b151f2649,2026-08-12T18:08:19.522677Z
f7021f0c-abfc-449a-9c75-a0b344694ea3,2ee4d1ad-25c2-400e-a62d-1736e07b7c97,2026-08-12T20:08:19.522677Z
03e47774-894c-4412-a8af-77498eef7dc1,ee8a1147-cf0a-47b4-abb1-aab3bfdd2bc8,2026-08-12T20:08:19.522677Z
5764b4d2-7bb8-4707-ae0f-fe2448ce3291,0049703e-1cd0-49ff-8054-4b50d59129d4,2026-08-12T21:08:19.522677Z
892c1cca-335c-4df1-b1cb-d2c4010c7781,43ef4594-ecc5-44f6-80a3-3f6fbe737ddd,2026-08-12T22:08:19.522677Z
bef76833-d581-4b06-9401-8d6a31d2e76a,956505d7-b06e-49ba-b1a9-848860ef02d1,2026-08-12T22:08:19.522677Z
e862cdd5-5e2d-490b-bab6-45e650da0e2c,75a5ce87-1ddd-47a7-ae69-c4a24a19d9ae,2026-08-12T22:08:19.522677Z
bab5db99-fa00-493c-9830-679069f9de18,1d83d920-359c-4810-885b-1786f8ec99a2,2026-08-13T03:08:19.522677Z
aeaf79a3-01ee-432d-a29c-536718354d8e,fd4e8438-3a05-4634-89f4-9fc444939b57,2026-08-13T03:08:19.522677Z
5e5dccf4-acf4-426a-a4f0-80db19ba249a,c8449af3-df0a-4432-9cd5-32d2a261a3ae,2026-08-13T06:08:19.522677Z
8dea53ff-ebc7-4971-8eb4-41a1ad7296f9,2fbd7ebc-0b9d-4049-88d0-7c39741d5b5d,2026-08-13T06:08:19.522677Z
8d8895cb-0b18-4d8f-aec2-5e4755f7c3a3,0e206572-d677-4bf9-bf1f-2082bc00ae8e,2026-08-13T06:08:19.522677Z
046f2671-37f9-4bba-bc7c-ba7480430d2b,477a31d2-1e3e-4508-bc9b-529cb07d6394,2026-08-13T06:08:19.522677Z
b650e43c-b011-424f-a1f2-e4fb715e4c62,453eae16-c915-4682-9b71-c0f7913d8bec,2026-08-13T06:08:19.522677Z
2504a959-d8b2-4ab8-bec5-af86739912af,f415c047-d6b3-40c0-8812-170f05158153,2026-08-13T06:08:19.522677Z
bd43b9dc-39d1-4305-853a-7d4e3f922c88,52f9e3bf-616d-481b-9351-8e57c638d7fe,2026-08-13T06:08:19.522677Z
025db9c1-1108-4413-ae83-efb789c9d7d4,634384ba-0b8f-4ec8-9478-4a02edbe7f55,2026-08-13T07:08:19.522677Z
a3e6b164-9abc-43f9-921e-319d7b17b020,464a2719-298e-496f-97be-c23c343de97f,2026-08-13T07:08:19.522677Z
08534cf6-5e6c-4e25-8efd-d242048dfef5,0049703e-1cd0-49ff-8054-4b50d59129d4,2026-08-13T08:08:19.522677Z
dfd46f79-3f16-45f4-baac-634b6eff6cdb,ccfc8b94-dd5f-4f60-98d5-751147d117f3,2026-08-13T08:08:19.522677Z
d6d411cb-7b22-45fa-9dd3-5822c8913da2,1c8447a5-ae5f-45b6-9bec-27483545511d,2026-08-13T09:08:19.522677Z
b7439a09-8196-4079-a5ba-6eb9a55567c9,7aa27beb-ee0f-4c10-8875-899253b5df05,2026-08-13T09:08:19.522677Z
f4fb6436-ea6e-484d-a84f-d4ff634f7fce,fd4e8438-3a05-4634-89f4-9fc444939b57,2026-08-13T10:08:19.522677Z
21ec8126-f848-488e-98fa-19507db088f9,50d07087-a125-4b57-b853-8a6e37f2df5e,2026-08-13T12:08:19.522677Z
02de9fae-64b3-4d0e-94a1-d4ba8104bc3a,0049703e-1cd0-49ff-8054-4b50d59129d4,2026-08-13T13:08:19.522677Z
ca8e56f4-389e-4784-a33d-84de5e33a957,634384ba-0b8f-4ec8-9478-4a02edbe7f55,2026-08-13T13:08:19.522677Z
52d598d3-a02a-473a-a714-9f5a919cfa66,634384ba-0b8f-4ec8-9478-4a02edbe7f55,2026-08-13T13:08:19.522677Z
73a7d2d3-d44e-40ae-8671-084b35e99335,0049703e-1cd0-49ff-8054-4b50d59129d4,2026-08-13T15:08:19.522677Z
2adddab5-fce8-4461-865f-419d5421ea39,614a614b-8973-4ce0-b6c9-b1137ac36d6a,2026-08-13T15:08:19.522677Z
99932086-57fb-4572-946d-33db732e83db,2dc9c560-4d5b-482e-b8e6-ae33973e5b77,2026-08-13T16:08:19.522677Z
5e104ff4-bcb0-4e16-baae-53cc3b02da6c,453eae16-c915-4682-9b71-c0f7913d8bec,2026-08-13T16:08:19.522677Z
95575e67-e8a7-42ca-a82e-ba8be0a32b17,1e888eb8-df11-472c-878f-0d6f265cb2e3,2026-08-13T16:08:19.522677Z
b1ba3160-dc69-4d9a-8d66-00dda80b1770,c8449af3-df0a-4432-9cd5-32d2a261a3ae,2026-08-13T17:08:19.522677Z
599fa703-28b4-4014-8818-2f9d456eb501,50d07087-a125-4b57-b853-8a6e37f2df5e,2026-08-13T17:08:19.522677Z
2b3225d8-47fb-4139-8f4c-d109d4775029,c987c5db-2947-45d9-bab2-a5b70d85fd90,2026-08-13T18:08:19.522677Z
28e26c8e-1c02-42ed-a536-ad6a80a0e703,79909a7e-910c-4539-b738-bc83073691e3,2026-08-13T22:08:19.522677Z
b66e231d-9d27-492b-b343-f0db99d193cb,634384ba-0b8f-4ec8-9478-4a02edbe7f55,2026-08-13T23:08:19.522677Z
d89eabd6-a644-4008-a93c-2e3154f8c97c,778bd563-7945-41dd-b722-6feca041e230,2026-08-13T23:08:19.522677Z
418ef8b1-82d7-4717-ba33-1268cf0a91b6,453eae16-c915-4682-9b71-c0f7913d8bec,2026-08-14T00:08:19.522677Z
59377650-ae2c-4cf4-ae43-80a06232af23,c8449af3-df0a-4432-9cd5-32d2a261a3ae,2026-08-14T02:08:19.522677Z
46b2fb07-7f12-4e80-bc5f-b33286bcbfc4,0049703e-1cd0-49ff-8054-4b50d59129d4,2026-08-14T02:08:19.522677Z
8915563f-af00-4f6c-b944-079f7c4b506a,f415c047-d6b3-40c0-8812-170f05158153,2026-08-14T02:08:19.522677Z
5cff8f69-9642-446d-b466-9ceda9ea8fa3,c8449af3-df0a-4432-9cd5-32d2a261a3ae,2026-08-14T03:08:19.522677Z
e0071ec3-dbdc-4ff5-b985-f1c6a892e521,17a2ea79-de04-4bd1-acdd-0b67e766f8a2,2026-08-14T04:08:19.522677Z
9bb189c6-ed22-4201-8701-7f9818a73bba,0049703e-1cd0-49ff-8054-4b50d59129d4,2026-08-14T04:08:19.522677Z
a478c269-80c6-48f6-8781-0c808f56bb4b,5008356d-60a6-4692-93a7-7d7428b544c8,2026-08-14T04:08:19.522677Z
209de955-831c-4c00-872a-989959e01d3f,634384ba-0b8f-4ec8-9478-4a02edbe7f55,2026-08-14T05:08:19.522677Z
bb3ac15b-3236-4313-a25c-ed74d625f434,f415c047-d6b3-40c0-8812-170f05158153,2026-08-14T06:08:19.522677Z
2f6451b5-edc3-4253-bb67-799c24c7d1c8,c8449af3-df0a-4432-9cd5-32d2a261a3ae,2026-08-14T11:08:19.522677Z
da2cad0c-be36-4414-b927-558b2b663839,c8449af3-df0a-4432-9cd5-32d2a261a3ae,2026-08-14T12:08:19.522677Z
b9363893-fdc8-41f7-ae3b-5946be9485c4,0049703e-1cd0-49ff-8054-4b50d59129d4,2026-08-14T12:08:19.522677Z
294eb5d1-dbde-4c79-95a8-a314e1a4d3f0,48762499-f8ac-4902-9eb5-f2e0c31c190d,2026-08-14T12:08:19.522677Z
7154259f-18e1-4f4e-b1e5-b3c05accef61,75a5ce87-1ddd-47a7-ae69-c4a24a19d9ae,2026-08-14T12:08:19.522677Z
0ffa497a-da45-4671-840f-9ef2f3b49007,453eae16-c915-4682-9b71-c0f7913d8bec,2026-08-14T12:08:19.522677Z
bcb7256b-f322-4704-8a2d-382173fda9b7,f415c047-d6b3-40c0-8812-170f05158153,2026-08-14T12:08:19.522677Z
d88e8f56-dfaa-46b9-83e3-b6bedaa718da,c8449af3-df0a-4432-9cd5-32d2a261a3ae,2026-08-14T13:08:19.522677Z
24a9eaf4-8fb6-41bc-b1c4-6826e9f554c9,5e247e2e-f61b-40b9-9ec1-058716506690,2026-08-14T14:08:19.522677Z
e1b0d155-f5fb-4776-aa82-84d018899bd0,634384ba-0b8f-4ec8-9478-4a02edbe7f55,2026-08-14T14:08:19.522677Z
c45b2421-c583-44de-ac2b-060800036d5e,0049703e-1cd0-49ff-8054-4b50d59129d4,2026-08-14T15:08:19.522677Z
2470a1b5-8798-422a-beb3-6e145e5d9d11,ccfc8b94-dd5f-4f60-98d5-751147d117f3,2026-08-14T17:08:19.522677Z
928e42fd-fdc0-4153-9a3e-303efb04c782,f415c047-d6b3-40c0-8812-170f05158153,2026-08-14T23:08:19.522677Z
c63040de-fae5-4467-b58d-4b12d23f5a66,c8449af3-df0a-4432-9cd5-32d2a261a3ae,2026-08-15T01:08:19.522677Z
c6e69698-c664-4f36-bc26-c8de583278fa,c8449af3-df0a-4432-9cd5-32d2a261a3ae,2026-08-15T01:08:19.522677Z
466a85ec-3017-408d-baf0-4eb46b16c612,bd20553d-5c40-4a74-b4a1-7a07ee313973,2026-08-15T01:08:19.522677Z
cfbecee1-2c6e-475e-ad2b-e89c5f2629c3,0049703e-1cd0-49ff-8054-4b50d59129d4,2026-08-15T03:08:19.522677Z
f58ce9b9-865b-4189-a50c-50268aadfa2b,f415c047-d6b3-40c0-8812-170f05158153,2026-08-15T05:08:19.522677Z
7099bdd6-287b-4428-9635-72ebe914e61c,0049703e-1cd0-49ff-8054-4b50d59129d4,2026-08-15T07:08:19.522677Z
af12e609-ca7e-4f6a-95a6-7bbd403b33b9,cf98fe37-6b45-4186-a616-5a0da1c62214,2026-08-15T09:08:19.522677Z
5a58d5d0-ee8c-4b01-8fa4-4bc032d643a0,f957db70-b5de-453a-b9d6-4f9fe235ce98,2026-08-15T15:08:19.522677Z
21d05573-bea5-44cc-ae32-900cf9c6e251,c8449af3-df0a-4432-9cd5-32d2a261a3ae,2026-08-15T16:08:19.522677Z
5a20b0a0-460c-4b0d-a1a5-7b27525bde43,453eae16-c915-4682-9b71-c0f7913d8bec,2026-08-15T16:08:19.522677Z
4adc4f64-bc42-440a-8831-6e379734bdba,f876dc6b-c041-4127-8621-5b2effbb7031,2026-08-15T17:08:19.522677Z
37ad8713-1450-4caf-8c87-fc0ea85c8933,453eae16-c915-4682-9b71-c0f7913d8bec,2026-08-15T18:08:19.522677Z
770be06b-128f-405f-b362-0a7a8e0a97cf,0049703e-1cd0-49ff-8054-4b50d59129d4,2026-08-15T19:08:19.522677Z
a65c9ad9-0f6f-4825-8995-9295726f9888,0049703e-1cd0-49ff-8054-4b50d59129d4,2026-08-15T19:08:19.522677Z
f12d1715-aca2-444a-b6fb-02de971c6f65,77ab4fbd-584e-4c16-a244-c8e1975cb220,2026-08-15T21:08:19.522677Z
1a7295d3-deec-4d48-b564-20a502ccfb4b,f415c047-d6b3-40c0-8812-170f05158153,2026-08-15T22:08:19.522677Z
14d9cf06-e289-4d2a-9b42-b5459a2e5bc4,0049703e-1cd0-49ff-8054-4b50d59129d4,2026-08-15T23:08:19.522677Z
0cc006d7-83e4-43f4-8239-8ae72d505bcd,453eae16-c915-4682-9b71-c0f7913d8bec,2026-08-15T23:08:19.522677Z
66b64d51-4e57-4b45-a50e-92ec69161d11,453eae16-c915-4682-9b71-c0f7913d8bec,2026-08-16T00:08:19.522677Z
eb945dd5-db55-4917-9f57-f7d8619f994e,5a23303b-c7b5-4a8f-a77f-0cb6a62928be,2026-08-16T01:08:19.522677Z
4669b13f-b823-4d9c-b599-521a00a794b0,f415c047-d6b3-40c0-8812-170f05158153,2026-08-16T01:08:19.522677Z
b00d7ffb-bf08-45c4-b3f2-69efc78c9c45,29dc54b7-56b3-4b12-92d2-bac60496067d,2026-08-16T03:08:19.522677Z
40406f3a-3dfb-427d-b19d-28e20d41f027,17139079-bfca-4e84-908d-00c4a771db01,2026-08-16T04:08:19.522677Z
67728626-4807-4b66-8dc9-469610396e31,453eae16-c915-4682-9b71-c0f7913d8bec,2026-08-16T04:08:19.522677Z
e3938f08-17fd-4183-84f1-482c47d969f7,0049703e-1cd0-49ff-8054-4b50d59129d4,2026-08-16T05:08:19.522677Z
5b12afce-0799-436e-bd79-11a810919956,f415c047-d6b3-40c0-8812-170f05158153,2026-08-16T05:08:19.522677Z
4a758b8a-8b2b-4eb7-b0ca-bac321c32ec6,31d87b10-93a4-47fb-aff6-cabe87a8fbf4,2026-08-16T06:08:19.522677Z
11d25cc1-ee37-407d-a3e3-c43ce29e0d12,5164d8e4-7565-4218-9de8-c1b410ec2d76,2026-08-16T06:08:19.522677Z
3c59df65-0fb3-4104-bc66-55b1242f5c31,ebdb0481-c024-4792-9a58-25867c8532d2,2026-08-16T06:08:19.522677Z
8ad87bdc-9e77-4110-955d-57ac1b7ab6ca,453eae16-c915-4682-9b71-c0f7913d8bec,2026-08-16T07:08:19.522677Z
dd06b4a3-8830-4dc0-a845-32abc3ef980d,998055c7-bf22-4d8a-9086-2a4b658a0697,2026-08-16T08:08:19.522677Z
db5b6e7c-8a51-48ae-b389-b00de311472c,f415c047-d6b3-40c0-8812-170f05158153,2026-08-16T08:08:19.522677Z
551dfaa0-4c8c-4e64-a72c-89b74bcafaed,f957db70-b5de-453a-b9d6-4f9fe235ce98,2026-08-16T09:08:19.522677Z
9986593c-42b7-401c-990d-451d59f4c2f0,29dc54b7-56b3-4b12-92d2-bac60496067d,2026-08-16T09:08:19.522677Z
f43b8c74-28b1-4c73-a59d-00f1d015dbf6,f876dc6b-c041-4127-8621-5b2effbb7031,2026-08-16T11:08:19.522677Z
d6e6c911-c63a-49a2-a009-32a330b0ba2b,453eae16-c915-4682-9b71-c0f7913d8bec,2026-08-16T11:08:19.522677Z
54b5f9b0-25fe-4296-b84f-ad59bbd19c52,f415c047-d6b3-40c0-8812-170f05158153,2026-08-16T12:08:19.522677Z
7bb4d813-7738-4a1f-9025-2b29276561c1,f415c047-d6b3-40c0-8812-170f05158153,2026-08-16T13:08:19.522677Z
27b15930-2cc2-4aa2-9248-ddc0924572ef,f415c047-d6b3-40c0-8812-170f05158153,2026-08-16T13:08:19.522677Z
5689227a-991e-4074-bebf-a7828a6fcd05,c8449af3-df0a-4432-9cd5-32d2a261a3ae,2026-08-16T14:08:19.522677Z
5839ca7d-2c6c-4ccd-9da7-d651d495cfcd,885d376d-5976-4c4f-95f7-d7597d0f79a7,2026-08-16T15:08:19.522677Z
be9937fd-1085-4bcb-bc60-72c17ee6c512,453eae16-c915-4682-9b71-c0f7913d8bec,2026-08-16T17:08:19.522677Z
61887128-d473-4f41-b1ee-b1d898b7381e,3e41e716-5ca1-49e2-98df-f2810cb40387,2026-08-16T18:08:19.522677Z
6f28d562-bf8e-4a6f-b053-fe9beab5710c,5164d8e4-7565-4218-9de8-c1b410ec2d76,2026-08-16T19:08:19.522677Z
b29a8def-d72c-45e0-b050-cff33609f3c1,5fb07338-2104-451e-844f-6701ac66d6cf,2026-08-16T20:08:19.522677Z
2bbd7e67-4e91-4699-bf0f-a44c393178b9,453eae16-c915-4682-9b71-c0f7913d8bec,2026-08-16T20:08:19.522677Z
d934fb74-4100-45df-8403-faa9bd896a75,d7581f6c-5c8d-4258-9be1-0f0f995b3549,2026-08-16T23:08:19.522677Z
0b925e59-0cd3-4cb2-ae87-4d59fe71b513,48762499-f8ac-4902-9eb5-f2e0c31c190d,2026-08-16T23:08:19.522677Z
299ad1e4-625e-4303-9872-e8ac70da8894,c3659c71-eefc-4722-bfbb-5a3ac094b852,2026-08-17T00:08:19.522677Z
eba6e198-1bac-4775-85dd-700bc91c0f95,5964bf97-d269-4bc0-9fd8-0166a0da0e3f,2026-08-17T00:08:19.522677Z
3b9f7e6e-ce63-4ed5-8bb0-5a9e5453869a,c3659c71-eefc-4722-bfbb-5a3ac094b852,2026-08-17T01:08:19.522677Z
da0c979d-59f2-47ed-ac7f-4e4eb821e167,453eae16-c915-4682-9b71-c0f7913d8bec,2026-08-17T01:08:19.522677Z
6ca8b905-c44b-4331-a30b-6dc341efaaa8,f415c047-d6b3-40c0-8812-170f05158153,2026-08-17T02:08:19.522677Z
81549ac2-dd3d-44b9-b9ad-d15cbd489dcf,dc72712f-4aa3-408b-960d-4deb1d1f3946,2026-08-17T03:08:19.522677Z
139c42d9-6595-44d6-94e8-7ead2acf0516,48762499-f8ac-4902-9eb5-f2e0c31c190d,2026-08-17T04:08:19.522677Z
ca83dec3-5a14-41c4-b3b6-858654a41b21,48762499-f8ac-4902-9eb5-f2e0c31c190d,2026-08-17T04:08:19.522677Z
55496c4f-4df9-4bf7-898e-2c8a62f6440b,b8f68ff7-9f65-45e7-b042-5e62a4562963,2026-08-17T05:08:19.522677Z
8a6abdcb-4594-491c-a7a7-28cfc2cffe86,c3659c71-eefc-4722-bfbb-5a3ac094b852,2026-08-17T05:08:19.522677Z
93a5f94d-81f0-405b-8735-80f98a75b090,75a5ce87-1ddd-47a7-ae69-c4a24a19d9ae,2026-08-17T06:08:19.522677Z
65e0b4db-d20c-4806-baea-eb166898d5f3,56db4ed4-3cc2-44b4-9e3d-b41fc39cb937,2026-08-17T10:08:19.522677Z
8083b36a-ca9f-42e3-b3a2-0d52afb278e5,4be3720d-f638-456a-b958-4d7407daf79a,2026-08-17T11:08:19.522677Z
628f3be3-81fd-4e8c-a473-4a38ce9fdc72,c58c1d5a-d58f-4870-b9e4-1ae1e805954e,2026-08-17T12:08:19.522677Z
914cd4f8-a2f5-44f3-8d10-85b7b0230382,f415c047-d6b3-40c0-8812-170f05158153,2026-08-17T13:08:19.522677Z
82327b82-7814-4ea8-939e-0415c57c2429,453eae16-c915-4682-9b71-c0f7913d8bec,2026-08-17T14:08:19.522677Z
f13108c2-06e3-4e58-a783-750911c93583,d7581f6c-5c8d-4258-9be1-0f0f995b3549,2026-08-17T17:08:19.522677Z
473a667c-7b69-4eb6-8f27-b9805c519b25,43a32d47-48fe-48a6-8969-8ff2ba48d1f1,2026-08-17T23:08:19.522677Z
05f94fa0-4850-41fc-806a-66baf89e1463,4be3720d-f638-456a-b958-4d7407daf79a,2026-08-18T00:08:19.522677Z
66283e15-a125-4b5a-a264-3b591f9fc274,2f075014-d757-4568-882d-d9734878ad9b,2026-08-18T01:08:19.522677Z
07488924-ebf8-4399-a181-da2d28ebd185,756ed333-ce3a-4b28-a2a8-a4e532315842,2026-08-18T01:08:19.522677Z
0dc4806d-1077-4418-ab16-ee9da7abc6c9,5164d8e4-7565-4218-9de8-c1b410ec2d76,2026-08-18T02:08:19.522677Z
8d408ef7-f1f7-4121-817c-7e3156ec8992,297e616e-ded7-4cfd-8877-a090ba1fe918,2026-08-18T04:08:19.522677Z
3280b371-d93a-4a2f-a5fe-53ea56f83d35,17139079-bfca-4e84-908d-00c4a771db01,2026-08-18T05:08:19.522677Z
81ecb8c1-0be0-4774-90b3-1b53ceb492fb,3c25dba7-2531-4329-8ff2-e306b18c673e,2026-08-18T07:08:19.522677Z
8ae1d1af-0c29-4f3d-ba49-5279d81f6446,5164d8e4-7565-4218-9de8-c1b410ec2d76,2026-08-18T07:08:19.522677Z
9c6ce87e-6f47-4dfa-ac78-20390551c0dd,d7581f6c-5c8d-4258-9be1-0f0f995b3549,2026-08-18T09:08:19.522677Z
dfddb589-5e5f-4c7a-9fee-47f87b269692,f876dc6b-c041-4127-8621-5b2effbb7031,2026-08-18T09:08:19.522677Z
3c59293f-e5c8-4131-99f1-98ef5a51fcf4,c20cddff-846b-48fd-9daf-0621156ab76e,2026-08-18T10:08:19.522677Z
23b403f7-9e2a-4657-90af-9bbecfa333cb,c20cddff-846b-48fd-9daf-0621156ab76e,2026-08-18T12:08:19.522677Z
56548985-03bc-4e92-b249-076fee2d2497,5164d8e4-7565-4218-9de8-c1b410ec2d76,2026-08-18T16:08:19.522677Z
caf976ae-7122-498a-af70-1a3644ff0048,c3659c71-eefc-4722-bfbb-5a3ac094b852,2026-08-18T18:08:19.522677Z
22b49aa0-a000-422a-a27e-b5a0e98e2dc0,d746c4cb-1cc9-4148-823d-4ed316bd6101,2026-08-18T20:08:19.522677Z
5fbfa1a3-b3d1-47a8-9d6c-1540794c2fae,5abc47f9-4b98-4e27-a7e5-f2987cac18e4,2026-08-18T21:08:19.522677Z
354866a2-4ae4-4629-888e-813563ac602c,c3659c71-eefc-4722-bfbb-5a3ac094b852,2026-08-18T21:08:19.522677Z
f010dfce-4aec-4331-a866-5d40612cf809,017be136-33ac-4917-95e3-b87821f0568f,2026-08-18T22:08:19.522677Z
b415c861-a02f-4251-a087-6f890e678c4c,77bb8645-601a-497a-89e4-926fe3eef6e0,2026-08-18T22:08:19.522677Z
60aaa3b7-f4e3-45a0-897e-e0b554c8eb0b,5a23303b-c7b5-4a8f-a77f-0cb6a62928be,2026-08-18T23:08:19.522677Z
5c8b56ec-5636-4485-bb78-89f25b7e792f,77bb8645-601a-497a-89e4-926fe3eef6e0,2026-08-19T00:08:19.522677Z
99910417-d375-409a-813d-6f8c5c973324,5164d8e4-7565-4218-9de8-c1b410ec2d76,2026-08-19T02:08:19.522677Z
1709c012-97e1-4f4e-92c2-2e9af91fcd46,ab669f3b-667f-456f-9885-844f33b3d9c8,2026-08-19T04:08:19.522677Z
2b132e4c-b5a7-46fc-bbaa-32fe72e2acef,f6173a81-d729-442d-9326-2911122d66a5,2026-08-19T04:08:19.522677Z
1ef4b648-f4a0-4b1d-85a5-6956e017de73,77bb8645-601a-497a-89e4-926fe3eef6e0,2026-08-19T05:08:19.522677Z
aeabdf5d-c090-45f8-8345-d1ea2cb8b503,5a23303b-c7b5-4a8f-a77f-0cb6a62928be,2026-08-19T06:08:19.522677Z
c4c63680-bbbe-48d0-87c8-7f95683ecfca,f957db70-b5de-453a-b9d6-4f9fe235ce98,2026-08-19T07:08:19.522677Z
3e083f56-4d30-44b9-94e9-9ea236ab06f2,77bb8645-601a-497a-89e4-926fe3eef6e0,2026-08-19T08:08:19.522677Z
e5ce675d-fadc-4557-90da-b033a3c44235,77bb8645-601a-497a-89e4-926fe3eef6e0,2026-08-19T08:08:19.522677Z
d72696fc-8667-4ee2-8e6e-fa973e40ad58,c20cddff-846b-48fd-9daf-0621156ab76e,2026-08-19T08:08:19.522677Z
cae8ae6f-d441-469d-af44-0c60a73d4108,c20cddff-846b-48fd-9daf-0621156ab76e,2026-08-19T08:08:19.522677Z
f924845f-3672-4b69-a67e-e1e888a0e934,d7581f6c-5c8d-4258-9be1-0f0f995b3549,2026-08-19T09:08:19.522677Z
543c85a7-d0bf-4cc1-9716-d283d3aa0f84,c20cddff-846b-48fd-9daf-0621156ab76e,2026-08-19T09:08:19.522677Z
10b4617c-b8cc-481f-85a2-2df2f89334d5,4e22b785-7d20-4a72-89ee-710b2934daa1,2026-08-19T10:08:19.522677Z
5aaab12f-53c4-4b68-bcda-baf271adcfa1,c3659c71-eefc-4722-bfbb-5a3ac094b852,2026-08-19T13:08:19.522677Z
3f92d596-31d4-4b82-9c56-a4695a38033c,c20cddff-846b-48fd-9daf-0621156ab76e,2026-08-19T14:08:19.522677Z
ef36fc5b-c634-4153-b27c-d7979fac96dd,29dc54b7-56b3-4b12-92d2-bac60496067d,2026-08-19T15:08:19.522677Z
b0c7ca46-1840-460a-8f6a-a4345c92981b,77bb8645-601a-497a-89e4-926fe3eef6e0,2026-08-19T15:08:19.522677Z
897448b3-c9b4-4581-89e3-b91047f22fa6,27ea1890-20fa-4ce7-8713-6d35b50d3eb0,2026-08-19T19:08:19.522677Z
6e55a34e-e386-499b-ab86-cac735c18d91,5164d8e4-7565-4218-9de8-c1b410ec2d76,2026-08-19T20:08:19.522677Z
c72afe67-8d9f-4522-8813-f10a1b232085,77bb8645-601a-497a-89e4-926fe3eef6e0,2026-08-19T20:08:19.522677Z
1ff79d85-05ff-4776-85a0-8dae98a24e4d,58678e72-2cc2-407f-b5d4-ec5f56072b25,2026-08-19T21:08:19.522677Z
524e4f6c-7c79-448e-816e-1ff7ad65abcd,f12255c5-af0a-4b34-b077-bec2d67376be,2026-08-19T21:08:19.522677Z
eccfbc19-da2f-4eda-bb5a-aca6c137d615,c20cddff-846b-48fd-9daf-0621156ab76e,2026-08-19T22:08:19.522677Z
7bce8840-efa7-44b4-9407-528680e0e67c,5a23303b-c7b5-4a8f-a77f-0cb6a62928be,2026-08-19T23:08:19.522677Z
d791ff0b-6857-43a3-804b-2e155186138b,5a23303b-c7b5-4a8f-a77f-0cb6a62928be,2026-08-20T00:08:19.522677Z
0a40cf2e-ece4-4cf5-a3ee-1a66b19df0ad,69bacd07-cf97-4fa2-9818-cdefc4c27f85,2026-08-20T01:08:19.522677Z
fe6d392e-ef65-4c8a-b20c-3f0613070bbf,81017562-5e9e-4109-82ca-03638b1bce79,2026-08-20T03:08:19.522677Z
0bf9c916-5e6f-4c0f-a159-23d3b08066eb,c3659c71-eefc-4722-bfbb-5a3ac094b852,2026-08-20T04:08:19.522677Z
0526a502-ad50-4217-b5c6-a8c984d2f69a,7c4bc032-8160-485b-bbdb-7306ce2d2ffb,2026-08-20T04:08:19.522677Z
eb3f114a-a719-468d-bb78-025c8d511aa5,ef9ddff5-2488-46a1-a2f3-00da74245cdb,2026-08-20T04:08:19.522677Z
0687a4e7-904d-411d-b130-a3eecae66fa0,58678e72-2cc2-407f-b5d4-ec5f56072b25,2026-08-20T05:08:19.522677Z
59febe44-b0c2-4127-bd59-bbc52ab732ba,7829b6c4-8916-49a0-a419-dfcded4e0390,2026-08-20T07:08:19.522677Z
05abcb84-1191-41d5-90f0-7a3fecd59a5a,77bb8645-601a-497a-89e4-926fe3eef6e0,2026-08-20T08:08:19.522677Z
a4ee5c99-53b6-462e-8614-a0d0b8fe7330,c20cddff-846b-48fd-9daf-0621156ab76e,2026-08-20T08:08:19.522677Z
b5657ea8-2fd2-4d76-890e-1a7de8cff37f,f957db70-b5de-453a-b9d6-4f9fe235ce98,2026-08-20T10:08:19.522677Z
54d77fdd-f857-4b3e-b698-a279b9198a53,360c9330-bba3-4347-b2c4-67832d932501,2026-08-20T12:08:19.522677Z
38f697db-3c35-494a-9d02-aac51e0d19a9,c20cddff-846b-48fd-9daf-0621156ab76e,2026-08-20T12:08:19.522677Z
b4c27dc0-f73a-416d-8edc-088961130f43,c20cddff-846b-48fd-9daf-0621156ab76e,2026-08-20T13:08:19.522677Z
b13af2f6-4aa0-400f-904d-002d0850c29e,c20cddff-846b-48fd-9daf-0621156ab76e,2026-08-20T16:08:19.522677Z
4dd30307-56eb-4dcb-9f51-efb3c2ecab87,c3659c71-eefc-4722-bfbb-5a3ac094b852,2026-08-20T17:08:19.522677Z
f83ce5ed-b7f9-432c-9b3b-399939d3cd12,2d4e156c-c2c4-47e7-977a-87458a7da179,2026-08-20T17:08:19.522677Z
fe6681af-584e-4973-a43e-e2ca8b0dbcb1,77bb8645-601a-497a-89e4-926fe3eef6e0,2026-08-20T19:08:19.522677Z
312db198-0809-4f88-910d-117f8389d3c9,c20cddff-846b-48fd-9daf-0621156ab76e,2026-08-20T19:08:19.522677Z
b9fd7cf7-7900-4231-9c8e-d6c681d2b03a,6884a053-c725-4aad-9ed2-88d6922eb264,2026-08-20T21:08:19.522677Z
99a26006-a58f-44df-b8d5-4a65a57c06a5,c20cddff-846b-48fd-9daf-0621156ab76e,2026-08-20T21:08:19.522677Z
0460098c-8973-4e79-a823-66a3aeff09e5,5164d8e4-7565-4218-9de8-c1b410ec2d76,2026-08-20T22:08:19.522677Z
6a5cc850-e719-47b1-a8df-d56f085b728a,77bb8645-601a-497a-89e4-926fe3eef6e0,2026-08-20T22:08:19.522677Z
e648369c-f2eb-43c6-9cd9-19c8bf4e74d0,5164d8e4-7565-4218-9de8-c1b410ec2d76,2026-08-20T23:08:19.522677Z
5d6841b2-6f41-4b6d-b56c-db9d17c48bbc,34d99d7c-9435-4667-9567-3873b7895805,2026-08-21T00:08:19.522677Z
481c3ccf-3bf8-4464-9300-592a74955664,c20cddff-846b-48fd-9daf-0621156ab76e,2026-08-21T00:08:19.522677Z
246d69f2-f34e-4161-8ac5-bb2bcf3de37a,017be136-33ac-4917-95e3-b87821f0568f,2026-08-21T02:08:19.522677Z
fc597ee0-23e7-4557-9fe0-fa6faa469d7b,6884a053-c725-4aad-9ed2-88d6922eb264,2026-08-21T02:08:19.522677Z
b273c878-1f21-4215-b233-0bf0e330cf4b,6884a053-c725-4aad-9ed2-88d6922eb264,2026-08-21T04:08:19.522677Z
0ad15f32-6806-43f0-9017-18abce6be36f,4ce8ddd2-9925-4c6e-af7f-df540ddf6e03,2026-08-21T06:08:19.522677Z
781b8d74-3b6a-4da3-a6fa-3805eccb18b3,f063318f-3bc2-4a0c-9a50-baeff64d5897,2026-08-21T08:08:19.522677Z
60507e4c-1284-4abf-9dcc-7ae4dd2e9e6d,5b00e877-a711-4234-8fec-fea8bc338f10,2026-08-21T09:08:19.522677Z
b35e24a2-f636-417c-9341-ce2244b760bc,77bb8645-601a-497a-89e4-926fe3eef6e0,2026-08-21T10:08:19.522677Z
834859b9-0b24-4ce3-bf60-a19fb5aaf9c5,58678e72-2cc2-407f-b5d4-ec5f56072b25,2026-08-21T11:08:19.522677Z
1115e3a4-1265-4a9c-b838-473e6b164a33,e95575f1-e579-4175-9431-20b96606a64f,2026-08-21T13:08:19.522677Z
01a5240e-41f5-4ca0-8ca2-c738b763beee,e0aad680-aaf9-4043-8d0e-a22c7f9f6cb5,2026-08-21T13:08:19.522677Z
d12d4022-9507-4cf0-867f-71cc1e4c9e43,77bb8645-601a-497a-89e4-926fe3eef6e0,2026-08-21T14:08:19.522677Z
dc99b5ed-8e66-4e2c-abff-b08f0c57f5da,6884a053-c725-4aad-9ed2-88d6922eb264,2026-08-21T15:08:19.522677Z
2c9d7b1c-2df0-46a3-bb36-4c2add54779f,883040d2-a8c8-4d28-a574-216bc234a95e,2026-08-21T16:08:19.522677Z
1af4228c-e2fa-42d7-bc50-322a52de72d5,81017562-5e9e-4109-82ca-03638b1bce79,2026-08-21T17:08:19.522677Z
8e9b2533-629f-4cb9-953e-b993f71b7bbb,f19a7e97-90b3-4bfb-8d48-d4e9396d8b18,2026-08-21T20:08:19.522677Z
944d1bc0-1003-4b7f-aae5-d06763a19262,77bb8645-601a-497a-89e4-926fe3eef6e0,2026-08-21T22:08:19.522677Z
9d2a0ace-e75d-41c9-a522-cbe33b8a1733,f896eae2-6e16-459e-bd97-4431558eff3d,2026-08-21T23:08:19.522677Z
39af48e2-fdcc-454f-b9a9-a01730210f17,e17333b5-6cb9-4be0-b87a-9a7df6f7d742,2026-08-22T04:08:19.522677Z
ec7d39de-5076-4417-9071-159b8cd651c0,017be136-33ac-4917-95e3-b87821f0568f,2026-08-22T05:08:19.522677Z
23066fcf-2509-460b-bc56-fc35d50559a4,d52a3a82-9e6f-4fd8-9987-8e66fcf51157,2026-08-22T05:08:19.522677Z
82ab60bb-9761-4b96-bb31-91c6e52db2cc,58678e72-2cc2-407f-b5d4-ec5f56072b25,2026-08-22T05:08:19.522677Z
b8c1373f-be2a-4ab5-a476-8bfcf56613cd,9e5cb989-34e4-42f1-95be-879b4b33b4d4,2026-08-22T05:08:19.522677Z
e6276101-3d55-4846-9b46-ffa9608b4c4f,f896eae2-6e16-459e-bd97-4431558eff3d,2026-08-22T08:08:19.522677Z
c8b24354-7007-4f8b-92fc-9cae1ad7d8d0,77bb8645-601a-497a-89e4-926fe3eef6e0,2026-08-22T09:08:19.522677Z
2fd74fd4-a18b-47ab-b336-304059d6bfd9,f896eae2-6e16-459e-bd97-4431558eff3d,2026-08-22T09:08:19.522677Z
0cded4fa-2eed-4567-9b8e-d619b17680a9,2f075014-d757-4568-882d-d9734878ad9b,2026-08-22T11:08:19.522677Z
b99057c8-b5ec-43a4-8b62-9352b5b7917a,f063318f-3bc2-4a0c-9a50-baeff64d5897,2026-08-22T11:08:19.522677Z
8c49a00a-8a17-4beb-9a3a-89aa402fc22d,2f075014-d757-4568-882d-d9734878ad9b,2026-08-22T14:08:19.522677Z
2633e58a-2c65-4fee-8496-321039ac1784,77bb8645-601a-497a-89e4-926fe3eef6e0,2026-08-22T15:08:19.522677Z
3cc16868-6c0a-404e-bceb-0a7fab6f8ea4,e95575f1-e579-4175-9431-20b96606a64f,2026-08-22T17:08:19.522677Z
1fa9c42a-9211-45ef-b8c5-755a195717a4,1ffc2dfa-8b7d-4715-82a1-0423064cc980,2026-08-22T17:08:19.522677Z
bcd3756a-9099-46d9-9023-b444b8bafac3,e6a96a17-61ff-4ed4-9b30-72689cbf4a7c,2026-08-22T18:08:19.522677Z
ed962722-9478-44c3-a358-f8dd2f33f32e,03b349be-81e2-4c26-9739-61b228700dd2,2026-08-22T19:08:19.522677Z
5519a039-32bd-4bac-b2a3-22782604a65e,8e60984e-db8a-43ac-b32e-4f56c9e03dcf,2026-08-22T20:08:19.522677Z
3c08b35d-2c8d-45de-919f-827e4d9b8304,f7b47d94-ae4a-4867-a560-788069748ea4,2026-08-22T21:08:19.522677Z
1bc8bf90-216d-46c2-b7d1-0af7d5f67da2,4f813011-5ef0-48db-ac73-25566c7061f8,2026-08-22T23:08:19.522677Z
c6b150c1-0ecf-45d3-b65c-802e156b6f95,e0aad680-aaf9-4043-8d0e-a22c7f9f6cb5,2026-08-23T00:08:19.522677Z
81433fa4-3f14-4316-a37a-99b12533f452,58678e72-2cc2-407f-b5d4-ec5f56072b25,2026-08-23T02:08:19.522677Z
687bbfd5-8bf5-4447-94d3-c1c2b8164683,5f2c7644-7f03-49a3-85c4-740894e94178,2026-08-23T06:08:19.522677Z
d5a08cf1-0724-485e-8172-be6c45912a37,7b347c0d-6ecf-4105-a3a7-766a0cde8498,2026-08-23T08:08:19.522677Z
44d3af14-627d-4225-b0a3-e0371ec4f4d1,e4f6b3aa-df0b-44bc-a8de-0f63c98de399,2026-08-23T13:08:19.522677Z
438acedb-0dc0-46bb-865f-6cc242973ebc,e7a0dd67-c393-4f36-aadc-4a362dc9dcc7,2026-08-23T15:08:19.522677Z
a4dcd2d6-bee1-45c8-a68c-3224c64f6b55,6884a053-c725-4aad-9ed2-88d6922eb264,2026-08-23T17:08:19.522677Z
a03a03d5-73ea-42d6-b1cd-8270c7f4c08f,57af87c4-7061-48b7-b868-828d6ca4d0ec,2026-08-23T22:08:19.522677Z
fcf214b9-8919-4328-b626-c649444c6fef,f063318f-3bc2-4a0c-9a50-baeff64d5897,2026-08-23T23:08:19.522677Z
47894645-def8-4d73-9247-896f0d43d3c8,e95575f1-e579-4175-9431-20b96606a64f,2026-08-24T00:08:19.522677Z
1a84c19d-3479-4a8c-a567-d90148591926,49520dda-0f44-4666-9ed1-3dc58e696e74,2026-08-24T01:08:19.522677Z
b5c719d5-4bed-464a-a1ba-8e6b3ad7aaed,f7b47d94-ae4a-4867-a560-788069748ea4,2026-08-24T06:08:19.522677Z
792cb536-967a-4528-bacd-02f3e55f30bb,49520dda-0f44-4666-9ed1-3dc58e696e74,2026-08-24T07:08:19.522677Z
0b843679-c7e6-403a-bf02-9d473773dcec,062aeb1b-1627-405f-a2e7-3b905f0d50e0,2026-08-24T07:08:19.522677Z
7e954d57-c6e9-4d0e-8eee-9a1caa7b22ce,6884a053-c725-4aad-9ed2-88d6922eb264,2026-08-24T09:08:19.522677Z
8fa84a1b-a536-45a8-9687-dd1865105ada,03b349be-81e2-4c26-9739-61b228700dd2,2026-08-24T10:08:19.522677Z
4f1adeba-1635-430e-a770-3cae467481c6,2d003a0b-b82a-4107-87b4-4d57d1acfe23,2026-08-24T10:08:19.522677Z
6d315c80-7757-4da8-b5ba-0d98c70f0c3e,2d003a0b-b82a-4107-87b4-4d57d1acfe23,2026-08-24T10:08:19.522677Z
118d2cf7-be71-40b7-85b8-fa9cef699acd,6884a053-c725-4aad-9ed2-88d6922eb264,2026-08-24T12:08:19.522677Z
a6e0bf99-2270-4f55-a183-eab74b7b93be,f7b47d94-ae4a-4867-a560-788069748ea4,2026-08-24T12:08:19.522677Z
c4d2b1a2-375b-4f0c-85f6-f4e7fb8b7647,6884a053-c725-4aad-9ed2-88d6922eb264,2026-08-24T14:08:19.522677Z
dfd78166-d489-4ae7-9314-94a21b410214,2245e3fe-07c7-4cd3-8912-e3f9ba6cbaaa,2026-08-24T15:08:19.522677Z
2903f621-8085-4d00-bbee-d28307458f0e,20fe3ffc-4b9f-4afb-bb09-47cdc296ad95,2026-08-24T16:08:19.522677Z
d338acd9-97c9-4c10-ae39-050528384edc,4d5f2e6c-40ea-4ddb-8247-a38ae22ff7de,2026-08-24T17:08:19.522677Z
9f77f021-cdc6-46a2-84d9-ef84c51f3f79,20fe3ffc-4b9f-4afb-bb09-47cdc296ad95,2026-08-24T19:08:19.522677Z
b3c6ec53-4b8c-4b27-b003-c3963f038b4c,f896eae2-6e16-459e-bd97-4431558eff3d,2026-08-24T20:08:19.522677Z
6e219971-2aff-4f94-82e9-047ff3dd66a6,03b349be-81e2-4c26-9739-61b228700dd2,2026-08-24T21:08:19.522677Z
0b18a5e4-c873-4b56-a37a-a95321552c63,1d042ea9-9453-4489-b373-251c6c17edfd,2026-08-24T22:08:19.522677Z
c6fa0ad3-daa1-4de8-9ec8-7fbb7cb9b855,e17333b5-6cb9-4be0-b87a-9a7df6f7d742,2026-08-24T23:08:19.522677Z
fa521379-b869-4309-be14-35a60ab34384,6884a053-c725-4aad-9ed2-88d6922eb264,2026-08-25T00:08:19.522677Z
be58926f-5746-4575-b283-83b970ac6270,5c41b621-2ebb-4a6a-9047-6bdb077d4450,2026-08-25T00:08:19.522677Z
c63e5af2-d519-48c4-8eeb-00cc9fa58aed,f063318f-3bc2-4a0c-9a50-baeff64d5897,2026-08-25T00:08:19.522677Z
20971085-60f9-4938-9b75-537531311027,6884a053-c725-4aad-9ed2-88d6922eb264,2026-08-25T03:08:19.522677Z
0b87c1cd-1fca-4a91-a50e-73dd34491f92,e7a0dd67-c393-4f36-aadc-4a362dc9dcc7,2026-08-25T04:08:19.522677Z
97111f27-6b5d-4450-bc09-2149051aa872,b64ce72b-503b-4ee3-85aa-53da0c722821,2026-08-25T06:08:19.522677Z
e80b3a00-5da7-4470-b4d2-babe119a2454,e7a0dd67-c393-4f36-aadc-4a362dc9dcc7,2026-08-25T08:08:19.522677Z
d4b54bcf-a7a6-42e7-b0ae-db36738c1bfa,f063318f-3bc2-4a0c-9a50-baeff64d5897,2026-08-25T09:08:19.522677Z
4654e30f-b2d1-41a2-a3d5-fd2da9e91d4b,ff3d7541-3f35-4d58-b46f-fa84eb13a4ab,2026-08-25T11:08:19.522677Z
d4dbcbfb-35b6-491b-8c3e-fea1e570822e,2d003a0b-b82a-4107-87b4-4d57d1acfe23,2026-08-25T12:08:19.522677Z
a68dea08-a7aa-461b-90eb-92a3a90f2552,f896eae2-6e16-459e-bd97-4431558eff3d,2026-08-25T13:08:19.522677Z
c771c12a-62a5-48d5-8ea3-17e0744c3c53,6bf2eac6-d082-4705-bd05-0e2b2f200431,2026-08-25T15:08:19.522677Z
8bafe29e-bd65-4808-8e76-3bf69f181a90,f9720796-5932-443d-8360-be1260abac72,2026-08-25T15:08:19.522677Z
def1e38a-ba3d-4552-9ede-f855322e0652,7a46885e-65c6-4786-9f3c-3c0e00a21a9e,2026-08-25T17:08:19.522677Z
5e10baed-07f1-4817-88ef-6e004b7024f0,1369eb0a-49b6-482d-87b7-73e3e608ed1e,2026-08-25T18:08:19.522677Z
d849f4bd-48de-47ed-b780-db1f2cc24abc,03b349be-81e2-4c26-9739-61b228700dd2,2026-08-25T21:08:19.522677Z
59e4f0d7-545e-45b5-92e2-a7bc992c17f8,79ae409d-59a8-4b0c-b82b-40fc62d4f5cc,2026-08-26T05:08:19.522677Z
5fe4dd47-5f96-46a0-9556-04bb6b43803d,ff3d7541-3f35-4d58-b46f-fa84eb13a4ab,2026-08-26T08:08:19.522677Z
2c1bb085-83b6-4b55-9bca-f4bdde2a927f,49520dda-0f44-4666-9ed1-3dc58e696e74,2026-08-26T11:08:19.522677Z
63d62cc4-56f4-45d7-ab21-6d24898e4134,b98b3693-22e7-41cf-a66b-9ad8ffef2ede,2026-08-26T11:08:19.522677Z
d7ff8378-8411-405e-94fd-c3a0420ce0ff,6a68a1d1-1609-4cf6-ad53-4f0870b18752,2026-08-26T14:08:19.522677Z
844df9bb-61d4-4ffd-a40d-15deff50765a,ff3d7541-3f35-4d58-b46f-fa84eb13a4ab,2026-08-26T14:08:19.522677Z
298a921d-01be-4f21-b827-30838c0e64e2,b0b08cb5-819b-4a18-a4b8-df798c4d3bc1,2026-08-26T14:08:19.522677Z
5fe45fef-7dd7-41ed-aee0-06fec916503f,58d3aef7-c576-4307-a380-13450441e53b,2026-08-26T15:08:19.522677Z
930cca05-8e4e-4e6e-88d0-e3adc778a050,49bbeb98-04ba-4440-80b0-c5f1eae241fd,2026-08-26T17:08:19.522677Z
9e3dc50f-e221-43da-997f-9d84fae7ca22,e1c6e400-dcde-4291-acda-2b50db3dbb0b,2026-08-26T18:08:19.522677Z
f296958e-b387-4da7-b5ef-09b2721227ba,b0ddcea8-9e9f-4614-b63a-c80bf2083903,2026-08-26T19:08:19.522677Z
72dfba89-7d84-4977-89a8-5f4f84ce5fa0,57af87c4-7061-48b7-b868-828d6ca4d0ec,2026-08-26T19:08:19.522677Z
ff80a46e-7a68-45a3-9aee-083fa1ac73ce,20fe3ffc-4b9f-4afb-bb09-47cdc296ad95,2026-08-26T23:08:19.522677Z
eeebfd05-0e99-4550-8e81-d6c271d94ab8,a0f9450d-6c3d-43d0-913e-bcc93e11c556,2026-08-27T00:08:19.522677Z
263478f8-e16a-4df7-b1a2-fc4737619b6b,a81a6cf9-062c-4523-8a72-f37163f0c7a2,2026-08-27T02:08:19.522677Z
3a5a0b02-b27b-4f92-9998-03ee534a368d,1369eb0a-49b6-482d-87b7-73e3e608ed1e,2026-08-27T02:08:19.522677Z
6c13d416-6432-4dff-82c6-8dc6496e7f83,76ed3a1c-f4ba-4f17-b36f-815f51a5b5e0,2026-08-27T08:08:19.522677Z
083cfcae-934c-494c-94f7-13a14b69c2ae,a0f9450d-6c3d-43d0-913e-bcc93e11c556,2026-08-27T08:08:19.522677Z
adcfa426-c80f-4340-88ba-3275dd03c330,6bf2eac6-d082-4705-bd05-0e2b2f200431,2026-08-27T09:08:19.522677Z
294e88b2-7b1b-4abc-b43f-3303ff1fbe31,2d5eb3a7-7416-4359-8eef-7823590be1a9,2026-08-27T11:08:19.522677Z
0394e0c8-682e-40e6-a993-3420c01f3473,97584fbb-b064-4b64-b2eb-6b7a74161c5d,2026-08-27T14:08:19.522677Z
213b89d6-7226-4171-ac83-a09ef42e01c3,b12444d3-e067-4920-ac1d-c36424258826,2026-08-27T18:08:19.522677Z
7ef74c94-7356-4e7d-84ec-f9701742aa81,1369eb0a-49b6-482d-87b7-73e3e608ed1e,2026-08-27T21:08:19.522677Z
93233204-b5b8-42cb-8284-09b7e636a846,6332cb3f-e7a5-4fa3-b5b2-3d220766d2cc,2026-08-27T22:08:19.522677Z
982714a8-a5ad-4142-a2b8-e3559b34465c,b0ddcea8-9e9f-4614-b63a-c80bf2083903,2026-08-27T23:08:19.522677Z
1b5e5bed-f11c-4b27-95b3-96c013000f70,88e7d089-97d1-4761-aeca-7544e0289daf,2026-08-27T23:08:19.522677Z
2bd42cd9-2743-45d5-b7c1-13e24450203b,1369eb0a-49b6-482d-87b7-73e3e608ed1e,2026-08-28T00:08:19.522677Z
620c6e51-e90d-476d-b653-40f18f5ef9d1,685c29e4-3710-4985-981d-1f69204f62d2,2026-08-28T05:08:19.522677Z
6e1e6288-727d-4b0f-a8ce-eb79297417a3,20fe3ffc-4b9f-4afb-bb09-47cdc296ad95,2026-08-28T05:08:19.522677Z
93daf5ef-de72-4f89-a4d7-b1970dce8307,487330a6-6edb-4850-a4c3-b9e4109ead05,2026-08-28T06:08:19.522677Z
7bbddbe7-6161-4887-b374-40cab71a0576,b0ddcea8-9e9f-4614-b63a-c80bf2083903,2026-08-28T07:08:19.522677Z
0a73f55d-b4c9-4685-a55f-103330e7107a,6332cb3f-e7a5-4fa3-b5b2-3d220766d2cc,2026-08-28T08:08:19.522677Z
0489c1af-de9e-4ba5-b4e6-de204fa790c8,49520dda-0f44-4666-9ed1-3dc58e696e74,2026-08-28T08:08:19.522677Z
952824cb-cdb2-4592-a937-2815a92718b5,64fb439a-5404-4ca3-b553-9724f9bcf017,2026-08-28T09:08:19.522677Z
ce9245c9-9209-4b75-8ee5-c8c6a7e6d0c2,46c5d81d-0419-48a0-b438-dc3f0d1a7921,2026-08-28T11:08:19.522677Z
66b2f070-fb6b-4305-8af8-9c33be3780b7,ddecd91b-3b62-4331-89dc-807baf13e1c5,2026-08-28T11:08:19.522677Z
4b6892c7-fcca-4ac6-8d02-a82dff8ad03e,49520dda-0f44-4666-9ed1-3dc58e696e74,2026-08-28T12:08:19.522677Z
ea1104f5-bf51-4a62-b252-7e02ae08005f,6bf2eac6-d082-4705-bd05-0e2b2f200431,2026-08-28T12:08:19.522677Z
d994875f-5221-485a-84ff-fc7ffbc2d157,6bf2eac6-d082-4705-bd05-0e2b2f200431,2026-08-28T12:08:19.522677Z
77cdd466-8806-4683-892b-1e89af3b65a1,6332cb3f-e7a5-4fa3-b5b2-3d220766d2cc,2026-08-28T14:08:19.522677Z
c64803c0-38d6-46ab-acb2-97b21aa9cff3,b0ddcea8-9e9f-4614-b63a-c80bf2083903,2026-08-28T15:08:19.522677Z
a0e66b57-5aeb-449c-a35d-32e5995fc57c,6bf2eac6-d082-4705-bd05-0e2b2f200431,2026-08-28T17:08:19.522677Z
118cb14a-9c75-4e42-b4de-d9a6a1191cfd,39c80281-db3c-4ac1-b8d5-b2a0098d1261,2026-08-28T17:08:19.522677Z
61da847a-18a4-436f-b3eb-666193dcda6d,ff3d7541-3f35-4d58-b46f-fa84eb13a4ab,2026-08-28T18:08:19.522677Z
40ee4acc-116a-4a00-a025-43cf789e9724,ff3d7541-3f35-4d58-b46f-fa84eb13a4ab,2026-08-28T19:08:19.522677Z
0c25dcfa-34c3-4432-9131-f32872be9dc7,03c95de9-7add-4a01-846f-9fc01cf3b00c,2026-08-28T21:08:19.522677Z
2ecc63aa-5504-4ea1-8f68-f3915afa7c09,78de0d0b-45de-46b8-aa73-4572abf364c6,2026-08-28T22:08:19.522677Z
23e7341a-e1e0-42e5-9b72-33a1c324b768,6bf2eac6-d082-4705-bd05-0e2b2f200431,2026-08-28T22:08:19.522677Z
8e060621-0fb5-4238-8f48-37560c1cf49a,8a24f061-e0de-4528-9046-c62f73600f79,2026-08-28T22:08:19.522677Z
7db614d9-2ef4-40e2-b59f-3484fa8f32a6,6bf2eac6-d082-4705-bd05-0e2b2f200431,2026-08-28T23:08:19.522677Z
a43db352-116b-4824-a128-b830b045114a,20fe3ffc-4b9f-4afb-bb09-47cdc296ad95,2026-08-29T00:08:19.522677Z
20e8977a-8a0b-4b60-bf59-276055360ba9,3c1a5d67-da52-4ab1-8492-d94f16f9fd76,2026-08-29T03:08:19.522677Z
c5414d12-d297-457d-894a-0e4353253ed6,6332cb3f-e7a5-4fa3-b5b2-3d220766d2cc,2026-08-29T05:08:19.522677Z
8fd2b591-25f7-402d-b97a-e4a2d0702a44,1369eb0a-49b6-482d-87b7-73e3e608ed1e,2026-08-29T05:08:19.522677Z
2be4a655-8b0e-4cfc-8426-963608cb3d8e,cf0c0fbf-70b0-44f6-b755-77fa50cfd940,2026-08-29T07:08:19.522677Z
d0e4b193-6c0e-4da7-ab81-c627d688671d,6bf2eac6-d082-4705-bd05-0e2b2f200431,2026-08-29T10:08:19.522677Z
a40577d7-9f35-46d6-bcbb-93161ff872d2,6332cb3f-e7a5-4fa3-b5b2-3d220766d2cc,2026-08-29T13:08:19.522677Z
5f687d20-2ae2-496e-8138-105c1e5e8eec,affa0365-0f54-4409-b69a-8f221016e197,2026-08-29T13:08:19.522677Z
9ffa148e-ae36-47ec-9213-607fabe0aa2d,88e7d089-97d1-4761-aeca-7544e0289daf,2026-08-29T13:08:19.522677Z
867ff995-e39c-460e-9593-822abf6d70b6,6a68a1d1-1609-4cf6-ad53-4f0870b18752,2026-08-29T14:08:19.522677Z
76dba62c-e96e-4a6a-bff3-14439785ff2f,11a41dd5-eaf0-4d7e-a7ca-b3be8f004249,2026-08-29T14:08:19.522677Z
daaa6958-357c-47d8-b4bc-55d1ea7862c8,49bbeb98-04ba-4440-80b0-c5f1eae241fd,2026-08-29T15:08:19.522677Z
960a3b23-3202-4e92-a04b-fbeddf07c21e,ddecd91b-3b62-4331-89dc-807baf13e1c5,2026-08-29T16:08:19.522677Z
bdd2520f-7e7a-446c-98a0-3b85dc88bed6,d478eafe-0307-4c78-b286-ebf7a8478ca8,2026-08-29T17:08:19.522677Z
402f5679-bae0-4d7b-84f9-202d26360ccc,a0f9450d-6c3d-43d0-913e-bcc93e11c556,2026-08-29T20:08:19.522677Z
c0d1096f-5d48-4e15-bb41-ff9efe090230,6bf2eac6-d082-4705-bd05-0e2b2f200431,2026-08-29T23:08:19.522677Z
7880f334-3596-484b-82ad-836ae407dc3c,6bf2eac6-d082-4705-bd05-0e2b2f200431,2026-08-29T23:08:19.522677Z
f2f25c47-5d72-482f-93b9-5cee778d1dbd,fc34318e-8888-4f01-96ad-5df1ddb6221c,2026-08-29T23:08:19.522677Z
06f61547-b7fb-465d-b6ea-266a5881616c,2d5eb3a7-7416-4359-8eef-7823590be1a9,2026-08-29T23:08:19.522677Z
3002b3fc-2505-4fc8-9483-ddb7c76390aa,40f96ab0-6190-4b8f-b582-04b77f8dee64,2026-08-30T01:08:19.522677Z
61e1d3ce-072b-4f4a-9cb7-23182ad657eb,56fb388a-53c0-492d-9bd3-93420c0060ff,2026-08-30T01:08:19.522677Z
3d9a4c69-cd81-47c5-94be-161ccb81fe86,6332cb3f-e7a5-4fa3-b5b2-3d220766d2cc,2026-08-30T02:08:19.522677Z
df37787b-45cf-429c-abe5-03ea523d5b6c,6bf2eac6-d082-4705-bd05-0e2b2f200431,2026-08-30T02:08:19.522677Z
23936ee8-3ed5-4b50-a1e1-0f5e55fd3371,2d5eb3a7-7416-4359-8eef-7823590be1a9,2026-08-30T02:08:19.522677Z
b4effeec-f84e-42d0-a4f9-e4e8c3436c20,2d5eb3a7-7416-4359-8eef-7823590be1a9,2026-08-30T03:08:19.522677Z
8ad67c1c-df86-4564-923a-3de8b20f05e4,6bf2eac6-d082-4705-bd05-0e2b2f200431,2026-08-30T05:08:19.522677Z
76cefb14-29db-40e3-b6e0-444ed111345c,7ce75b6e-f1b7-4cc3-bd0e-b2fbf72a309b,2026-08-30T07:08:19.522677Z
fec595d1-0dcb-495f-993d-48fa6444797e,6bf2eac6-d082-4705-bd05-0e2b2f200431,2026-08-30T07:08:19.522677Z
cc87f6df-a79a-4434-bd66-fbcd321e097c,c284d9a9-853a-49b8-8fb8-2a4cbac74643,2026-08-30T07:08:19.522677Z
d8f8a89b-4b48-4887-a487-4a3b6b8c2c29,fe8b9a96-9d00-41e0-8004-fd72e3c703f6,2026-08-30T08:08:19.522677Z
278a844a-5b5b-4499-8d0e-1d27187df997,2d5eb3a7-7416-4359-8eef-7823590be1a9,2026-08-30T08:08:19.522677Z
6cd4e3e9-ad0e-4c44-b8bb-246444fe308e,8f921406-4bc5-4e0a-9bd6-d87463957d6a,2026-08-30T09:08:19.522677Z
faaa635f-7479-4bd8-8fb7-32d8b69bd35f,2d5eb3a7-7416-4359-8eef-7823590be1a9,2026-08-30T10:08:19.522677Z
02432f95-0660-4953-bb4b-3c4359df1ace,31d7f0df-6b92-477c-a5c1-3a172f6d1e34,2026-08-30T12:08:19.522677Z
9865d45c-0b69-4548-ae25-e1c30c45b97f,17510854-4bae-4484-b09c-7d6b0396fa59,2026-08-30T12:08:19.522677Z
8efa1342-b879-41d8-9c53-6efd4890bc41,49bbeb98-04ba-4440-80b0-c5f1eae241fd,2026-08-30T13:08:19.522677Z
75913da3-35c4-4c2f-864a-4f2d3490bf51,e86abe7f-d5df-4f72-9740-8cb15b195e6b,2026-08-30T13:08:19.522677Z
b88c1809-df2a-4fa6-99e9-957e1b4238ff,b0ddcea8-9e9f-4614-b63a-c80bf2083903,2026-08-30T15:08:19.522677Z
f3b51a06-7b14-4a8f-a5a6-1be19ef43c19,1c333ffe-9993-4bc6-8b73-a7c08c401927,2026-08-30T17:08:19.522677Z
7f4235e6-759d-40da-8db8-2c69dbd14983,b5efdd68-ce67-48de-bfc3-0ab94cc5c22e,2026-08-30T19:08:19.522677Z
a21300f0-db7a-465c-9618-64b9520f6615,4b99ab8f-4806-4e03-855c-c84f94d2b0cf,2026-08-31T02:08:19.522677Z
601a25de-2b55-43c5-aaff-570a227ac2f9,930fc480-6d36-42b4-bc30-10c9f2f68f12,2026-08-31T03:08:19.522677Z
84dbbfe0-452e-4b2a-bfe3-5d24661b5ed4,d55e3fb3-e18c-4511-987b-aa868a93e813,2026-08-31T04:08:19.522677Z
66269c89-e113-4f3d-9e3e-bdad0c3b4a78,fc34318e-8888-4f01-96ad-5df1ddb6221c,2026-08-31T04:08:19.522677Z
ae5b3c13-2559-4755-a089-97abf525fbc5,00b6b8f8-d998-4fdc-a00d-19cdc60c22c9,2026-08-31T05:08:19.522677Z
dc4ffb2c-752d-403d-ac86-55062f914c86,930fc480-6d36-42b4-bc30-10c9f2f68f12,2026-08-31T08:08:19.522677Z
81427942-3328-4a9a-ac75-5d20ea63b91b,6332cb3f-e7a5-4fa3-b5b2-3d220766d2cc,2026-08-31T09:08:19.522677Z
efe9c73a-7c0c-4f96-be4a-8450d22b9e89,ae3d969a-0a59-4c63-a5cc-208a38cef903,2026-08-31T09:08:19.522677Z
f0ab9012-c0b8-4aec-97e0-46b3616b1bd7,88e7d089-97d1-4761-aeca-7544e0289daf,2026-08-31T09:08:19.522677Z
670db91a-42bf-4e35-a89b-ed05cd0907fe,930fc480-6d36-42b4-bc30-10c9f2f68f12,2026-08-31T10:08:19.522677Z
b40161bf-2315-456e-ba3b-510292401061,f9ebc760-9ba0-4d52-841f-5dcdf9146696,2026-08-31T10:08:19.522677Z
02fc8f60-7aea-4c57-b979-5feb6adfb9c9,00b6b8f8-d998-4fdc-a00d-19cdc60c22c9,2026-08-31T11:08:19.522677Z
a09e0683-adb5-4bac-8bdf-094095e4b163,930fc480-6d36-42b4-bc30-10c9f2f68f12,2026-08-31T12:08:19.522677Z
cc238c77-f603-4b99-a9a7-591dcf7f4db8,6332cb3f-e7a5-4fa3-b5b2-3d220766d2cc,2026-08-31T14:08:19.522677Z
42f79c1f-3a9b-43b5-a341-528cf2a7face,9730bdb2-597a-4565-a176-c48f65b4e8b5,2026-08-31T14:08:19.522677Z
01919003-fd75-44b8-8e78-0a6cdf7fdc50,34806e3a-b630-4228-a230-72f8ca6cb5ea,2026-08-31T15:08:19.522677Z
d69f14b9-9e8f-4c6f-99a4-2cf819fc1ca1,88e7d089-97d1-4761-aeca-7544e0289daf,2026-08-31T15:08:19.522677Z
fe78c98e-c4ef-454a-a312-983f3b01f5e6,6d72bd99-e500-46d9-8659-514068193e37,2026-08-31T16:08:19.522677Z
13cb177b-8c24-4435-8c4e-7e49f636ee41,d0777c12-8efd-4563-af04-7eda6dbf10dc,2026-08-31T18:08:19.522677Z
996a1e1e-ee1c-441a-8003-a1ac5550d3d3,fe8b9a96-9d00-41e0-8004-fd72e3c703f6,2026-08-31T19:08:19.522677Z
79763287-f851-47f6-b0de-643e3c06ac9e,c2082344-c6a6-4d3f-b97c-301a612dd087,2026-08-31T19:08:19.522677Z
40a3519c-cc82-40ff-b794-5b2edead94ca,f8c83225-4d52-4cca-a8a6-0ceb1dd078dc,2026-08-31T19:08:19.522677Z
c693fec8-af0e-4605-9ac6-472180c7405d,930fc480-6d36-42b4-bc30-10c9f2f68f12,2026-08-31T20:08:19.522677Z
ff59f007-5686-4fab-b391-0c99bc704f79,7ce75b6e-f1b7-4cc3-bd0e-b2fbf72a309b,2026-08-31T20:08:19.522677Z
0661ee9e-a0ea-4701-96aa-11ad1af25017,bcda16ad-55f8-4556-b7e3-736c4ee226cb,2026-08-31T20:08:19.522677Z
5e029767-a9dc-4fbc-a3e8-b8728c95b4e5,6332cb3f-e7a5-4fa3-b5b2-3d220766d2cc,2026-08-31T20:08:19.522677Z
9127d134-a853-4acf-ae83-ecdc9c5db7ad,02640ef6-aaf8-4a1e-ab2b-431f63410acb,2026-08-31T20:08:19.522677Z
ac835d43-a6c9-4684-bc30-5219d925a36d,6d72bd99-e500-46d9-8659-514068193e37,2026-08-31T22:08:19.522677Z
c4feb40f-bd01-4066-8bd3-70e2c62e2f88,a930a455-3c87-44a1-8f59-589cfe6e26e9,2026-08-31T22:08:19.522677Z
6b24766e-149e-4129-950d-08cb5c50e067,b5efdd68-ce67-48de-bfc3-0ab94cc5c22e,2026-08-31T22:08:19.522677Z
278fae56-bd0b-49ce-9dc9-68480d149d46,2d5eb3a7-7416-4359-8eef-7823590be1a9,2026-08-31T22:08:19.522677Z
506ae841-ca7f-4e0c-8c50-ea258d49169b,0ba774fb-2f82-4c8c-aacd-5a11aa32c59c,2026-08-31T23:08:19.522677Z
bac13609-e8e6-4e87-b8f0-9c3a86c84b89,88e7d089-97d1-4761-aeca-7544e0289daf,2026-09-01T00:08:19.522677Z
54b2e7b9-d49d-42ff-a0c1-db8fd15093b1,34806e3a-b630-4228-a230-72f8ca6cb5ea,2026-09-01T01:08:19.522677Z
569170ca-5533-4bc1-9a83-f1cacd26b402,f8c83225-4d52-4cca-a8a6-0ceb1dd078dc,2026-09-01T01:08:19.522677Z
6fc3d9a4-7970-4ba1-ae29-8303ff937db6,f8c83225-4d52-4cca-a8a6-0ceb1dd078dc,2026-09-01T01:08:19.522677Z
ab7d9c64-c51e-4f87-82a1-7fa54bc9470b,930fc480-6d36-42b4-bc30-10c9f2f68f12,2026-09-01T02:08:19.522677Z
585a98ca-e1bb-4424-a1c4-de7ddf70f6e1,6332cb3f-e7a5-4fa3-b5b2-3d220766d2cc,2026-09-01T02:08:19.522677Z
290b2135-1a0f-4f9a-94cb-f6cdf335f7b1,02640ef6-aaf8-4a1e-ab2b-431f63410acb,2026-09-01T02:08:19.522677Z
138a3faf-edc4-4a41-bcac-f79ab1f9c364,bcda16ad-55f8-4556-b7e3-736c4ee226cb,2026-09-01T03:08:19.522677Z
5092766e-77c6-4d61-96e4-e2711b60dee4,f8c83225-4d52-4cca-a8a6-0ceb1dd078dc,2026-09-01T03:08:19.522677Z
ea075d23-6d6b-42da-b256-ed782d04fc3c,c284d9a9-853a-49b8-8fb8-2a4cbac74643,2026-09-01T03:08:19.522677Z
af84e96f-2c62-4bd4-b473-742a351f32e3,dab485f9-d970-4e0a-b92f-8cd755dc8aa9,2026-09-01T05:08:19.522677Z
e2bb04f9-3823-4f2c-9f83-e38c17b1e825,f8c83225-4d52-4cca-a8a6-0ceb1dd078dc,2026-09-01T05:08:19.522677Z
5d7e3fd8-6c84-40b2-865a-5fcda82c9c3a,6d72bd99-e500-46d9-8659-514068193e37,2026-09-01T07:08:19.522677Z
4b296669-fe61-461c-a2f5-0bad7cebff11,bcda16ad-55f8-4556-b7e3-736c4ee226cb,2026-09-01T07:08:19.522677Z
aaeeca46-1522-47c1-abfc-482f3725ebb1,930fc480-6d36-42b4-bc30-10c9f2f68f12,2026-09-01T09:08:19.522677Z
e54136a5-2e0a-4a3d-9d8b-7b703b7f14c1,20a8886a-6641-4110-9c6e-9489a9711583,2026-09-01T11:08:19.522677Z
a52e40b5-5ad0-40c0-87b9-b0d42c77ef82,bcda16ad-55f8-4556-b7e3-736c4ee226cb,2026-09-01T11:08:19.522677Z
0ca85c86-0588-4db8-9dfd-65f87b1c5e3b,23733bd2-ab5c-4bf0-8d1c-829718a4f05b,2026-09-01T12:08:19.522677Z
736e9b8c-55ff-4964-adfb-61fa6899c271,930fc480-6d36-42b4-bc30-10c9f2f68f12,2026-09-01T13:08:19.522677Z
66877906-e70b-4d59-b3c0-6044d85416b4,ddecd91b-3b62-4331-89dc-807baf13e1c5,2026-09-01T13:08:19.522677Z
30f1e339-7bb5-4239-a064-8ab9a823f2d6,930fc480-6d36-42b4-bc30-10c9f2f68f12,2026-09-01T16:08:19.522677Z
c4fa1788-27ea-4f27-aec2-0680169758f5,20a8886a-6641-4110-9c6e-9489a9711583,2026-09-01T19:08:19.522677Z
805a603c-75b2-46e8-9dbf-24cb25903bb7,796ea79c-b781-4f50-a011-eb42ee13df19,2026-09-01T19:08:19.522677Z
9e4c68d7-cf5f-491b-a463-915a77719287,597a9b43-7abe-46c0-80a9-a0d126d5628e,2026-09-01T19:08:19.522677Z
ea8225a8-928f-4ff8-a410-c39fcaae3401,cd739b94-ff6a-4b58-9546-904e09c04ea9,2026-09-01T20:08:19.522677Z
1cdaa81e-510b-46e7-8073-7f291e99c1cf,c284d9a9-853a-49b8-8fb8-2a4cbac74643,2026-09-01T20:08:19.522677Z
962ca4ec-747f-45dc-9fc7-5f9987d0d406,6d72bd99-e500-46d9-8659-514068193e37,2026-09-01T21:08:19.522677Z
b25ca38d-c78d-4d97-8c26-c73c3efae528,6d72bd99-e500-46d9-8659-514068193e37,2026-09-01T21:08:19.522677Z
eaed11ed-d07f-4e52-9063-53acb9a7cdc6,a3fae48f-288d-4667-b2e3-84cced3f662b,2026-09-01T21:08:19.522677Z
004449cb-df78-4dc7-90be-95116e66cdea,20a8886a-6641-4110-9c6e-9489a9711583,2026-09-01T22:08:19.522677Z
b8d3f696-36e8-4798-9df8-97c7f01c1a72,fc34318e-8888-4f01-96ad-5df1ddb6221c,2026-09-01T22:08:19.522677Z
34402df4-70f7-4ca2-bf61-67a8b936695c,df4259d5-24f5-466a-924f-9a86148c3baf,2026-09-01T23:08:19.522677Z
3e8585dc-4796-43b3-b581-34144fb38185,f8c83225-4d52-4cca-a8a6-0ceb1dd078dc,2026-09-01T23:08:19.522677Z
1ed7cb44-97f9-4688-9cc0-cc1e375988bf,a1055fe3-8530-41ad-ba56-b4b86700ec46,2026-09-02T00:08:19.522677Z
9ef4422f-940d-4b54-aebe-225cac640941,930fc480-6d36-42b4-bc30-10c9f2f68f12,2026-09-02T01:08:19.522677Z
258d140e-790e-44bb-935d-a12684ce230b,bcda16ad-55f8-4556-b7e3-736c4ee226cb,2026-09-02T01:08:19.522677Z
fe997980-7e9f-4026-aa3b-ade51602f314,fe8b9a96-9d00-41e0-8004-fd72e3c703f6,2026-09-02T02:08:19.522677Z
1c87a608-7063-41da-a560-7eeddb043121,6d72bd99-e500-46d9-8659-514068193e37,2026-09-02T03:08:19.522677Z
16a22e5e-2ba7-4b29-88c6-7b96b0afbe65,b47b7cc4-c82b-4fd6-9f6a-9d3dbd6409fd,2026-09-02T03:08:19.522677Z
d600617c-c25c-4822-88fb-6548420b9d5e,95050ffa-16c5-4999-9a45-2dbb3ae3af3d,2026-09-02T04:08:19.522677Z
fbe1ef8a-c97d-4d46-9e74-f8a77b5c77a1,c284d9a9-853a-49b8-8fb8-2a4cbac74643,2026-09-02T04:08:19.522677Z
73043d8c-b949-43a5-bcfe-58ca5868e0c8,e8aeb5bb-f38b-4bb2-9f35-e4d3cf72f65a,2026-09-02T05:08:19.522677Z
ff30c671-2005-42ce-9835-6df4d85f0177,ccd763e5-ec6e-43c7-bf77-b54ffb2a972c,2026-09-02T07:08:19.522677Z
b38dc93a-2c5e-4956-bdb6-9d00788f49b4,34806e3a-b630-4228-a230-72f8ca6cb5ea,2026-09-02T07:08:19.522677Z
3b4f14b3-4634-4cdb-ae04-012e0434e7a5,c284d9a9-853a-49b8-8fb8-2a4cbac74643,2026-09-02T07:08:19.522677Z
c240acac-98d7-4a03-879e-9d2e076fbe14,ce1d6bb7-1ee5-426f-821c-8563d1b7dbeb,2026-09-02T09:08:19.522677Z
952177aa-4ad1-432d-9a3b-52d86a347fcf,00b6b8f8-d998-4fdc-a00d-19cdc60c22c9,2026-09-02T10:08:19.522677Z
77bdc8d3-e6d5-4943-a09c-18f2bcf83e43,e8aeb5bb-f38b-4bb2-9f35-e4d3cf72f65a,2026-09-02T12:08:19.522677Z
2dcfc98a-608b-4e39-9d90-a3e9a02f6630,930fc480-6d36-42b4-bc30-10c9f2f68f12,2026-09-02T12:08:19.522677Z
c94b4814-b9b5-4748-bd57-530dafab3e22,7ce75b6e-f1b7-4cc3-bd0e-b2fbf72a309b,2026-09-02T12:08:19.522677Z
03da070d-3636-446d-8981-5102d96ec715,a3fae48f-288d-4667-b2e3-84cced3f662b,2026-09-02T13:08:19.522677Z
aac973a0-e640-480c-a258-2402e44fb27b,e6460b18-fa6d-4106-b490-f82e8d0ee170,2026-09-02T14:08:19.522677Z
1b94788d-8116-4cc8-b233-59f555934620,bd80c2b4-8361-4797-a256-492d836425d4,2026-09-02T15:08:19.522677Z
3fef0b2e-635e-4d70-929f-c305d6d31897,f8c83225-4d52-4cca-a8a6-0ceb1dd078dc,2026-09-02T15:08:19.522677Z
5a4a230d-5af0-484f-ae28-0357e055dc9c,f8c83225-4d52-4cca-a8a6-0ceb1dd078dc,2026-09-02T17:08:19.522677Z
650c8c68-05bf-4c44-a4c8-136324afd90f,00b6b8f8-d998-4fdc-a00d-19cdc60c22c9,2026-09-02T18:08:19.522677Z
1f2d6a52-77c7-43da-8e43-b05a20038b3c,49e6e75c-6479-423b-99b3-2341cbf42dfd,2026-09-02T20:08:19.522677Z
89737ba9-b29a-4556-b72a-afdd1b39aa75,bcda16ad-55f8-4556-b7e3-736c4ee226cb,2026-09-02T21:08:19.522677Z
b0e367a1-5841-4947-8ddc-2ba3f15bd213,4a593086-4dde-40cf-9176-9f1c058d01cb,2026-09-02T21:08:19.522677Z
af385ef8-ff00-4733-a7e2-7ac85010cee3,34806e3a-b630-4228-a230-72f8ca6cb5ea,2026-09-03T00:08:19.522677Z
38398a56-5d8e-486f-ba6b-f278d3935ca3,b450b4cd-5bc1-4ed4-bc00-d41d48620b89,2026-09-03T00:08:19.522677Z
a7c4dede-cfee-4b4c-a377-f1670fdaae2e,88831fe3-4d59-4dd1-9967-89a4895f1675,2026-09-03T01:08:19.522677Z
aac334b5-a82e-43b9-a0ed-3c2561696854,930fc480-6d36-42b4-bc30-10c9f2f68f12,2026-09-03T01:08:19.522677Z
f5dfee66-221b-4b2f-b873-04ff765ff0aa,00b6b8f8-d998-4fdc-a00d-19cdc60c22c9,2026-09-03T01:08:19.522677Z
b75f3dcb-1a79-4519-8523-1ea291b04d5f,8022ec33-6ee7-4fcb-b530-f76e4291295a,2026-09-03T02:08:19.522677Z
baceadec-3614-4752-b0f6-51c5cb18c0f0,5ef077e8-3f9f-484f-b1ef-a10e1b2bd928,2026-09-03T03:08:19.522677Z
14ad63d7-e5f2-4344-9a47-8cd75735ebcf,9f75cc16-c73c-4720-8fd3-1d0c30c18858,2026-09-03T05:08:19.522677Z
c82dd6f2-5921-4ddb-83ad-4d1b3e474219,ce1d6bb7-1ee5-426f-821c-8563d1b7dbeb,2026-09-03T06:08:19.522677Z
63fc77b1-5a70-421f-abfd-3ccc7441f7f0,930fc480-6d36-42b4-bc30-10c9f2f68f12,2026-09-03T07:08:19.522677Z
3b5bb203-f5e2-45b8-b77c-5f246fb304e9,6d72bd99-e500-46d9-8659-514068193e37,2026-09-03T09:08:19.522677Z
442ac3df-13e6-4093-83ee-3e7cb13304df,bcda16ad-55f8-4556-b7e3-736c4ee226cb,2026-09-03T09:08:19.522677Z
b2f13ff7-38fe-47a7-843d-6cb69c750f23,597a9b43-7abe-46c0-80a9-a0d126d5628e,2026-09-03T09:08:19.522677Z
54a4acce-3e38-4aa0-a47e-38b09fdffdac,f8c83225-4d52-4cca-a8a6-0ceb1dd078dc,2026-09-03T09:08:19.522677Z
9018b633-b697-42aa-b4ab-66733883ad4e,6d72bd99-e500-46d9-8659-514068193e37,2026-09-03T10:08:19.522677Z
cb2bd26b-b684-459d-8f52-1b76d3ca3d86,c1365fae-e971-4906-8084-78844d2ce7ef,2026-09-03T10:08:19.522677Z
17ddda0e-0cc9-42f9-9b21-c53c1abff936,6d72bd99-e500-46d9-8659-514068193e37,2026-09-03T11:08:19.522677Z
9c11885d-cf4b-443e-8e37-fcb95f52e5a1,6d72bd99-e500-46d9-8659-514068193e37,2026-09-03T11:08:19.522677Z
802862a2-b1f4-42c4-8f6b-91148ec8c5e8,11cd412f-8d79-4795-8c84-69f3dadcc1f6,2026-09-03T11:08:19.522677Z
7cb7ede8-7a62-49a1-9bcc-582c738cffc4,6d72bd99-e500-46d9-8659-514068193e37,2026-09-03T12:08:19.522677Z
1a259a4f-1d17-47a6-8bca-2a6bf9988e9e,5c23282c-94e8-4183-a9bb-24ee41f3f53e,2026-09-03T15:08:19.522677Z
d79ae9e8-4582-43c4-8825-dc51e3278e71,20a8886a-6641-4110-9c6e-9489a9711583,2026-09-03T16:08:19.522677Z
2a9e0039-b522-4f48-82d8-d7bd8dbd7625,df53afcd-4152-436e-a8fa-2a934c33ee5e,2026-09-03T16:08:19.522677Z
a8c7afa7-0858-439c-bd86-eef016ef1d2f,1c4751f9-270f-472d-8762-ccf6e26ddb07,2026-09-03T16:08:19.522677Z
a229597a-24d6-4acd-aa2d-2f09881796fe,70994103-2d12-4429-b766-4c1aba20aa24,2026-09-03T16:08:19.522677Z
e8220d95-a716-4808-9db3-b2f0fa0dd3d2,c1365fae-e971-4906-8084-78844d2ce7ef,2026-09-03T17:08:19.522677Z
63dd6314-8ed6-4466-92e5-cd5e8b7f667a,a6ed28f9-80ce-4fe7-b704-86ae9a226095,2026-09-03T18:08:19.522677Z
cc285e5f-3260-4a63-ad56-8ddd6bcd1682,e6460b18-fa6d-4106-b490-f82e8d0ee170,2026-09-03T19:08:19.522677Z
c53b2d51-7552-401b-a3cc-c2a387d2447e,4be0b727-bbb4-4755-ba40-3d402c8abbca,2026-09-03T19:08:19.522677Z
f4845d99-2bc0-4f8b-a673-4e95cc34ab58,8f921406-4bc5-4e0a-9bd6-d87463957d6a,2026-09-03T19:08:19.522677Z
0ad4a7e3-7ac3-4b64-9d0c-5a339972d9b7,c27b7348-1db8-4914-9469-24cf1a5bf036,2026-09-03T20:08:19.522677Z
ba8204ea-6c80-4f76-8f08-cc832475b1d0,00e6ebc0-8448-4092-91c3-4e3528a1decf,2026-09-03T20:08:19.522677Z
95a2ea58-520b-40f5-95dd-17c870c00f25,34806e3a-b630-4228-a230-72f8ca6cb5ea,2026-09-03T23:08:19.522677Z
4860d7c9-519a-4bf7-b3fd-21bf739acbcb,35442076-f219-47e7-b58e-8337e688dab8,2026-09-04T00:08:19.522677Z
6339f3a9-1e52-4c3e-b94e-bfafc5e761e1,bcda16ad-55f8-4556-b7e3-736c4ee226cb,2026-09-04T01:08:19.522677Z
92205893-3e98-4dcc-abfd-7eb00805b755,f8c83225-4d52-4cca-a8a6-0ceb1dd078dc,2026-09-04T01:08:19.522677Z
e067166e-f8e4-4272-a0d0-0de837534868,ce1d6bb7-1ee5-426f-821c-8563d1b7dbeb,2026-09-04T01:08:19.522677Z
d9f9b9a4-ec4c-44d9-bb9d-0960c112d597,20a8886a-6641-4110-9c6e-9489a9711583,2026-09-04T03:08:19.522677Z
94299401-bfc8-4be8-b3fb-5c283f7f8cc2,bcda16ad-55f8-4556-b7e3-736c4ee226cb,2026-09-04T03:08:19.522677Z
7a23ebf2-803f-45f7-b0ed-e758f775a9cb,6d72bd99-e500-46d9-8659-514068193e37,2026-09-04T04:08:19.522677Z
e68c4548-cfae-40ee-8bea-2a11527dc0bf,e8aeb5bb-f38b-4bb2-9f35-e4d3cf72f65a,2026-09-04T04:08:19.522677Z
8d4f6cf8-5bf5-43e8-ac27-fbd50144b681,c56c6810-ddda-497f-80f1-72e8532dc554,2026-09-04T04:08:19.522677Z
91ed7dc3-1c00-44ba-9175-68e0b9f859c8,8f921406-4bc5-4e0a-9bd6-d87463957d6a,2026-09-04T04:08:19.522677Z
3eb44c51-f23c-4a76-87ec-e38dd6796436,d64cbf1f-9eaf-4977-8495-ed15801d7675,2026-09-04T05:08:19.522677Z
a6d985cb-cc83-42aa-a68a-77d8e6e9b4e2,8022ec33-6ee7-4fcb-b530-f76e4291295a,2026-09-04T05:08:19.522677Z
2d880d64-8f3e-4d5a-b94a-11a3ac6872e1,a3fae48f-288d-4667-b2e3-84cced3f662b,2026-09-04T05:08:19.522677Z
01dd17fc-b731-4570-a534-65766e67c5de,c56c6810-ddda-497f-80f1-72e8532dc554,2026-09-04T07:08:19.522677Z
2a17f2f0-c0b0-4e28-b34e-ecd52a10c0bd,3266fe43-ac2a-44f0-bddb-fa647224e57d,2026-09-04T08:08:19.522677Z
9ac19218-1d19-4b11-945e-1a94f258e984,7798ffd3-993a-4178-8026-ce1088527d79,2026-09-04T08:08:19.522677Z
ff254745-eeba-4680-beec-9cd51470ffd4,4c773eb8-0425-4bb9-b205-dd1895939601,2026-09-04T09:08:19.522677Z
85584ab1-2c88-47aa-aa65-171137ede43b,00e6ebc0-8448-4092-91c3-4e3528a1decf,2026-09-04T09:08:19.522677Z
870d3ee0-53cb-49a5-92aa-297d7bbfb161,6d72bd99-e500-46d9-8659-514068193e37,2026-09-04T11:08:19.522677Z
ab79e444-4eaa-47b4-9a9b-d457e2e6ae81,3266fe43-ac2a-44f0-bddb-fa647224e57d,2026-09-04T11:08:19.522677Z
b0405abf-0b90-4693-bd2e-a4a724b08250,7ffffacb-fde3-4661-b1fc-1e8caa3e43f1,2026-09-04T12:08:19.522677Z
a0a987d3-25e8-48b1-8169-28e376b47596,bcda16ad-55f8-4556-b7e3-736c4ee226cb,2026-09-04T12:08:19.522677Z
eb32cd90-82ef-4779-bca1-5d46bd4b132b,d64cbf1f-9eaf-4977-8495-ed15801d7675,2026-09-04T13:08:19.522677Z
49436062-5821-4311-b90a-b9525fa05531,bcda16ad-55f8-4556-b7e3-736c4ee226cb,2026-09-04T13:08:19.522677Z
cfb776f9-ab7b-44e8-b2c5-e2694e8e5d6d,8022ec33-6ee7-4fcb-b530-f76e4291295a,2026-09-04T13:08:19.522677Z
73f651a9-5547-4c41-9a4f-d7c6491ed2bb,ce1d6bb7-1ee5-426f-821c-8563d1b7dbeb,2026-09-04T13:08:19.522677Z
4101c040-d742-489a-9354-6d7290e34a29,5c23282c-94e8-4183-a9bb-24ee41f3f53e,2026-09-04T14:08:19.522677Z
f034a9bb-cfa5-4d52-a92a-b57aa8f03d80,f8c83225-4d52-4cca-a8a6-0ceb1dd078dc,2026-09-04T14:08:19.522677Z
74ae88da-3020-4a20-9555-0c4842c797c3,5d0e2afd-cf7b-4b6e-bc2e-2f337b7110a8,2026-09-04T15:08:19.522677Z
1dcdd946-c478-4cda-918a-1fcfef895b41,00e6ebc0-8448-4092-91c3-4e3528a1decf,2026-09-04T15:08:19.522677Z
88a1b643-709c-47fa-8a47-a898850899fa,5d0e2afd-cf7b-4b6e-bc2e-2f337b7110a8,2026-09-04T16:08:19.522677Z
3cf38012-7c26-4c2c-aba4-194f1c2119f8,f8c83225-4d52-4cca-a8a6-0ceb1dd078dc,2026-09-04T19:08:19.522677Z
32228c61-d3a7-49ef-967c-e23b041bd5bf,30cc6470-f258-461e-bd27-fbc613c58548,2026-09-04T21:08:19.522677Z
f6cd33b0-f579-4ec9-8dcc-e4fc4d6ec1c1,bcda16ad-55f8-4556-b7e3-736c4ee226cb,2026-09-04T22:08:19.522677Z
53977ede-1d85-4acd-817a-a458aca3468c,c88e1949-5ad4-4868-b581-dcbe67d4d2d3,2026-09-04T22:08:19.522677Z
32317a6e-6fc4-40ba-9c3f-1e6ad628e18d,4a22a314-d7c1-4ce7-8018-188d1f5842c2,2026-09-04T23:08:19.522677Z
04ce034a-f3e7-4289-bf14-1e1a737bd2f5,d64cbf1f-9eaf-4977-8495-ed15801d7675,2026-09-05T02:08:19.522677Z
089a0799-7483-4caa-a088-57d7841c121b,5c23282c-94e8-4183-a9bb-24ee41f3f53e,2026-09-05T02:08:19.522677Z
358cccc1-b800-43b7-837a-1095553ef956,6d72bd99-e500-46d9-8659-514068193e37,2026-09-05T03:08:19.522677Z
b85b834c-0005-4f9a-ba10-d9f6ed7a16b6,a3fae48f-288d-4667-b2e3-84cced3f662b,2026-09-05T03:08:19.522677Z
978357e8-19be-40b3-8b62-7fcc1132b702,9dbb430f-d142-4393-901f-d6070d357596,2026-09-05T04:08:19.522677Z
5e994369-9e75-44fc-80c9-d346ae49adee,bcda16ad-55f8-4556-b7e3-736c4ee226cb,2026-09-05T05:08:19.522677Z
eadd33ce-8104-4d7c-8359-0751de36ef74,c1365fae-e971-4906-8084-78844d2ce7ef,2026-09-05T06:08:19.522677Z
f3a9d38c-d14c-401d-80cd-22a619b243e7,ed98b675-c4a9-4b39-9f39-6e6994c4b2cb,2026-09-05T07:08:19.522677Z
0f11707d-561c-4c0f-b70f-fe8b96e6d690,960d02cc-77fc-4818-b78e-e1115f5b67d2,2026-09-05T07:08:19.522677Z
754e0a83-ec7b-4674-bb29-e3091b71f8b0,00e6ebc0-8448-4092-91c3-4e3528a1decf,2026-09-05T07:08:19.522677Z
afd02f91-e357-4cbd-af35-6e4c60b0b63b,8bda8681-c8f8-433a-bc76-c80a26cf71e3,2026-09-05T08:08:19.522677Z
baf5e968-c648-4e3c-a84f-65541fa72962,95050ffa-16c5-4999-9a45-2dbb3ae3af3d,2026-09-05T08:08:19.522677Z
1eb70f06-9f8a-4e9b-9ef3-6687567623dd,378bb142-6c2f-4cd2-be36-9c4096d10828,2026-09-05T10:08:19.522677Z
12b61b2b-0e5c-4b94-a44f-6b6e094bb93d,c56c6810-ddda-497f-80f1-72e8532dc554,2026-09-05T11:08:19.522677Z
e9fc66d4-f532-4017-8752-d0ac84664c98,ed98b675-c4a9-4b39-9f39-6e6994c4b2cb,2026-09-05T14:08:19.522677Z
79c516b0-e3f4-4ae1-959d-e27652cb365a,4be0b727-bbb4-4755-ba40-3d402c8abbca,2026-09-05T15:08:19.522677Z
1d146e3d-601f-4bb3-8752-2ca7962031df,378bb142-6c2f-4cd2-be36-9c4096d10828,2026-09-05T16:08:19.522677Z
39fca351-8173-49bd-9ee2-96cd079b9900,e8aeb5bb-f38b-4bb2-9f35-e4d3cf72f65a,2026-09-05T17:08:19.522677Z
60a73e19-9a7d-46f1-ae79-72d391e181df,f83fb816-54ae-4eb6-998a-b2a450f35beb,2026-09-05T17:08:19.522677Z
717fd749-7578-4af0-a792-84f5258aa364,4a22a314-d7c1-4ce7-8018-188d1f5842c2,2026-09-05T19:08:19.522677Z
98d1062e-3ba9-4ab3-a956-a5456baed692,d64cbf1f-9eaf-4977-8495-ed15801d7675,2026-09-05T19:08:19.522677Z
f97f3869-7be4-4854-bc6f-1e4327424462,c56c6810-ddda-497f-80f1-72e8532dc554,2026-09-05T19:08:19.522677Z
4f1b3c71-a670-4254-9979-5c09ad1b3c4a,f83fb816-54ae-4eb6-998a-b2a450f35beb,2026-09-05T20:08:19.522677Z
11a52d40-20be-4baf-a86c-732ffb58b2eb,a3fae48f-288d-4667-b2e3-84cced3f662b,2026-09-05T20:08:19.522677Z
96bb595f-cad1-46f0-8700-58424cfd0aa2,a6e9c055-8b91-4e08-8494-ba21d94a6bec,2026-09-05T21:08:19.522677Z
559fcee0-7079-49b0-8f81-8f049bcc2220,378bb142-6c2f-4cd2-be36-9c4096d10828,2026-09-05T22:08:19.522677Z
f0be3dfa-f6d6-4b2e-b0bf-2ea45bd2c2bf,ed98b675-c4a9-4b39-9f39-6e6994c4b2cb,2026-09-05T23:08:19.522677Z
f810dd15-041c-46ce-b708-d5f97a3c8221,5d0e2afd-cf7b-4b6e-bc2e-2f337b7110a8,2026-09-06T00:08:19.522677Z
2a54fadf-6aba-4d39-8e3b-09a5fafb2042,95050ffa-16c5-4999-9a45-2dbb3ae3af3d,2026-09-06T00:08:19.522677Z
168822b5-d96d-4bf3-a157-baf8567ead14,dbf4babc-d411-4829-b573-f4ba5e7ba0bf,2026-09-06T03:08:19.522677Z
86db0138-f396-4a68-a1ab-9450acc2b87b,960d02cc-77fc-4818-b78e-e1115f5b67d2,2026-09-06T05:08:19.522677Z
21aa3f65-434d-45a1-86fd-979681cf5eab,378bb142-6c2f-4cd2-be36-9c4096d10828,2026-09-06T05:08:19.522677Z
53ee23f7-44b2-49a5-9429-74f8632f7734,5d0e2afd-cf7b-4b6e-bc2e-2f337b7110a8,2026-09-06T06:08:19.522677Z
325da4c6-5819-406f-98fb-a398d79c3144,378bb142-6c2f-4cd2-be36-9c4096d10828,2026-09-06T06:08:19.522677Z
17bb87a2-9bed-47b1-a27b-a0aca360fdc2,4a22a314-d7c1-4ce7-8018-188d1f5842c2,2026-09-06T07:08:19.522677Z
cdd8db1f-698d-492f-aac8-ae037c3fb859,ed98b675-c4a9-4b39-9f39-6e6994c4b2cb,2026-09-06T07:08:19.522677Z
dd564991-47a4-4022-9046-3df80357f905,2550f56e-8f77-4152-b6ef-30eb46e123fb,2026-09-06T08:08:19.522677Z
1c0a4285-c015-41c6-8dbf-7a61e2c3dc31,960d02cc-77fc-4818-b78e-e1115f5b67d2,2026-09-06T08:08:19.522677Z
9c793087-1653-40a5-8b58-04b35267490c,a6e9c055-8b91-4e08-8494-ba21d94a6bec,2026-09-06T09:08:19.522677Z
69c32691-041c-4fe5-a8aa-c2ec21408592,7b797a05-f664-4667-93a1-69dc3279434b,2026-09-06T09:08:19.522677Z
c3ed412a-b477-4442-a651-a7479ea5bb44,5c23282c-94e8-4183-a9bb-24ee41f3f53e,2026-09-06T09:08:19.522677Z
25b834de-2a86-4f0c-84be-b4e6a4813820,d64cbf1f-9eaf-4977-8495-ed15801d7675,2026-09-06T11:08:19.522677Z
da2b4d93-80cd-43ce-a6cb-e91c33faf4b8,378bb142-6c2f-4cd2-be36-9c4096d10828,2026-09-06T11:08:19.522677Z
ad2fa816-2444-426f-b41f-c8e243e3b02e,4a22a314-d7c1-4ce7-8018-188d1f5842c2,2026-09-06T18:08:19.522677Z
01b619bb-405e-4086-93f5-d47975fe686b,d64cbf1f-9eaf-4977-8495-ed15801d7675,2026-09-06T18:08:19.522677Z
cb61c112-44fa-4312-b1d4-149a421bbbfa,95050ffa-16c5-4999-9a45-2dbb3ae3af3d,2026-09-06T18:08:19.522677Z
f126986f-ebd7-43ef-8fda-ff84dafc81fa,da73e916-de1f-40cb-9020-d17c7f7f3563,2026-09-06T19:08:19.522677Z
745f00b9-f62d-4ec8-9e1c-bd3b8bef9519,a6e9c055-8b91-4e08-8494-ba21d94a6bec,2026-09-06T21:08:19.522677Z
aed0c426-30fd-47ea-a6ab-5766a220ad24,32fce7d3-c2ba-4913-aa61-6c7d4e14e743,2026-09-06T21:08:19.522677Z
9d9a15f5-2861-41d1-93f1-8919af41d481,960d02cc-77fc-4818-b78e-e1115f5b67d2,2026-09-06T22:08:19.522677Z
440baa38-9e4b-4171-969b-e8fca8b1426f,d64cbf1f-9eaf-4977-8495-ed15801d7675,2026-09-06T23:08:19.522677Z
5f420145-6066-4aa3-b259-0aa748562b98,c6505c35-177f-4948-be9b-2eeaec6f1ae6,2026-09-06T23:08:19.522677Z
db4e9c5a-6d00-4f20-a5af-66450b2edfef,5d0e2afd-cf7b-4b6e-bc2e-2f337b7110a8,2026-09-06T23:08:19.522677Z
47a0c112-0b2e-4154-8c34-a2fcb5612364,378bb142-6c2f-4cd2-be36-9c4096d10828,2026-09-06T23:08:19.522677Z
164f77cf-dee8-49a4-8f27-d14678a6d091,a6e9c055-8b91-4e08-8494-ba21d94a6bec,2026-09-07T01:08:19.522677Z
ab364624-6ff5-4679-b433-7240ec03a447,7f72c6ad-4b12-4e3f-b3d6-eedc70c1559a,2026-09-07T02:08:19.522677Z
af06e6be-7165-41b5-83a7-b57df216d08d,00e6ebc0-8448-4092-91c3-4e3528a1decf,2026-09-07T03:08:19.522677Z
dd2cfe6a-1182-4231-b303-26ac638f3790,c6505c35-177f-4948-be9b-2eeaec6f1ae6,2026-09-07T05:08:19.522677Z
ffa8239c-fbf4-4b70-b102-6aabc628b9b5,5d0e2afd-cf7b-4b6e-bc2e-2f337b7110a8,2026-09-07T08:08:19.522677Z
b6490d3f-83c6-4a4f-910b-ed1e31f40dcf,5d0e2afd-cf7b-4b6e-bc2e-2f337b7110a8,2026-09-07T09:08:19.522677Z
0ee5c46a-eae7-4877-be55-21e3fdf008b8,5d0e2afd-cf7b-4b6e-bc2e-2f337b7110a8,2026-09-07T09:08:19.522677Z
776a313a-850a-454d-8ae2-9a568b7b93ad,64d2f495-2fbb-443e-a24b-afc02e115f53,2026-09-07T09:08:19.522677Z
c8a05886-06f9-40c3-96ee-2eba902011d7,ed98b675-c4a9-4b39-9f39-6e6994c4b2cb,2026-09-07T10:08:19.522677Z
5097e426-3b80-40fa-8020-3a549d7e4838,240dd250-e31d-46cf-9c91-246fbd44a6e9,2026-09-07T10:08:19.522677Z
244caa0f-5f7c-423b-b4ee-dabfcedea744,378bb142-6c2f-4cd2-be36-9c4096d10828,2026-09-07T10:08:19.522677Z
4f908359-8650-4730-a3c0-44ba75fab48d,378bb142-6c2f-4cd2-be36-9c4096d10828,2026-09-07T11:08:19.522677Z
c77d9fb2-7729-4dfc-8108-6ef395cc1c0d,378bb142-6c2f-4cd2-be36-9c4096d10828,2026-09-07T13:08:19.522677Z
d16922fe-cf95-487f-a439-eec56c36034f,00e6ebc0-8448-4092-91c3-4e3528a1decf,2026-09-07T13:08:19.522677Z
e39ea81a-102a-48e0-9a4b-045acdcf42a0,378bb142-6c2f-4cd2-be36-9c4096d10828,2026-09-07T14:08:19.522677Z
68db4ad4-2a83-43d5-a39e-e983f82b17a2,378bb142-6c2f-4cd2-be36-9c4096d10828,2026-09-07T14:08:19.522677Z
c57cee36-f356-4458-81c3-bbd454bddacb,5d0e2afd-cf7b-4b6e-bc2e-2f337b7110a8,2026-09-07T15:08:19.522677Z
57d01f6e-ac53-41c5-813e-39f0694c5af6,a6e9c055-8b91-4e08-8494-ba21d94a6bec,2026-09-07T16:08:19.522677Z
272ef25e-4667-47ef-a505-cacd4215b872,421c096c-461d-4518-8c4e-ed07afc8388b,2026-09-07T17:08:19.522677Z
496b4d37-cc69-48aa-98ef-af9d7e4018a1,04dc6f58-814a-4f4f-89ab-c00fa538f666,2026-09-07T17:08:19.522677Z
32b6c691-475b-4e6c-aaeb-4b09db651d36,49862036-23e1-42da-a192-182e52d9f8bd,2026-09-07T17:08:19.522677Z
1568e7f9-789c-43bc-8cf1-8fe99bb55cce,5d0e2afd-cf7b-4b6e-bc2e-2f337b7110a8,2026-09-07T18:08:19.522677Z
49effcb1-379e-4236-95c7-dc8d545f85a8,64d2f495-2fbb-443e-a24b-afc02e115f53,2026-09-07T18:08:19.522677Z
e7f2d5d9-5004-452e-98e1-d46b5f10cdd3,566a37bd-6576-48c8-bcf9-7b897037060b,2026-09-07T21:08:19.522677Z
56cdbe4f-de30-42c7-92ef-eef4a85c1d6f,d64cbf1f-9eaf-4977-8495-ed15801d7675,2026-09-07T22:08:19.522677Z
2346890e-937a-4428-89d2-57790de4dc87,64d2f495-2fbb-443e-a24b-afc02e115f53,2026-09-07T22:08:19.522677Z
c873b370-38af-4535-8c58-a43904ebe5b7,64d2f495-2fbb-443e-a24b-afc02e115f53,2026-09-07T22:08:19.522677Z
cdc60906-07e8-4b15-b61e-703cab306da5,421c096c-461d-4518-8c4e-ed07afc8388b,2026-09-07T22:08:19.522677Z
c531c978-a612-4ee3-abd3-fcd3cc0c7424,2e031a83-3914-466b-9dfb-3e2347e706d0,2026-09-07T22:08:19.522677Z
f7005245-c7f5-45a0-a65f-fe9f7b8367b0,ed98b675-c4a9-4b39-9f39-6e6994c4b2cb,2026-09-07T23:08:19.522677Z
bec0d3ca-0124-4f87-91a1-2510181dcbad,d64cbf1f-9eaf-4977-8495-ed15801d7675,2026-09-08T00:08:19.522677Z
b02217ee-363d-4568-889d-41cba60fcf98,5d0e2afd-cf7b-4b6e-bc2e-2f337b7110a8,2026-09-08T01:08:19.522677Z
ba42a0b5-b124-4fbc-a3dc-9a8cd802b7cf,5d0e2afd-cf7b-4b6e-bc2e-2f337b7110a8,2026-09-08T01:08:19.522677Z
8728215a-c0ef-4359-835d-a35a2c4888d5,2e031a83-3914-466b-9dfb-3e2347e706d0,2026-09-08T01:08:19.522677Z
03cf2057-b866-43c7-8b9c-59700f3a6db4,64d2f495-2fbb-443e-a24b-afc02e115f53,2026-09-08T02:08:19.522677Z
34a270aa-6c3e-430b-9e2c-c6778246ab3f,566a37bd-6576-48c8-bcf9-7b897037060b,2026-09-08T04:08:19.522677Z
7376ba1e-33fd-4268-af7d-131c270fc867,edfa1626-ba03-4798-b6d6-5190dc28ef08,2026-09-08T04:08:19.522677Z
e6080d9e-277e-4763-85b6-af70e5e8d3df,2e031a83-3914-466b-9dfb-3e2347e706d0,2026-09-08T04:08:19.522677Z
0adf9a25-4c6b-4f40-9b03-54b733f92953,d64cbf1f-9eaf-4977-8495-ed15801d7675,2026-09-08T05:08:19.522677Z
69f49c56-ae0a-443b-b5a3-9120244b492c,5d0e2afd-cf7b-4b6e-bc2e-2f337b7110a8,2026-09-08T05:08:19.522677Z
0233df73-48ec-45b8-90ad-7ffb0167a7d0,421c096c-461d-4518-8c4e-ed07afc8388b,2026-09-08T05:08:19.522677Z
8ca10ba0-8530-4945-82dd-31fcb3c65a5a,364e1fcf-4046-413c-8b55-649592e562f1,2026-09-08T05:08:19.522677Z
79e7269c-8a74-4bc2-84b1-31788b2b7ab2,421c096c-461d-4518-8c4e-ed07afc8388b,2026-09-08T06:08:19.522677Z
7444f6c9-3d84-4550-9566-277857ced086,421c096c-461d-4518-8c4e-ed07afc8388b,2026-09-08T07:08:19.522677Z
56cc5cae-7954-463d-8af6-518aeffdd5d2,ed98b675-c4a9-4b39-9f39-6e6994c4b2cb,2026-09-08T08:08:19.522677Z
2be46f3f-2c39-4409-89ef-efd8cee32778,64d2f495-2fbb-443e-a24b-afc02e115f53,2026-09-08T08:08:19.522677Z
54ad640b-add4-4989-bb8d-c1f32ee91c0c,d64cbf1f-9eaf-4977-8495-ed15801d7675,2026-09-08T09:08:19.522677Z
8b0880bc-45e2-454b-8241-821e2a8757a2,d8ce83cd-f842-4a33-941d-7157190c94ed,2026-09-08T09:08:19.522677Z
99d99440-0154-44dc-ada5-bc33fc914482,24bdf016-ed88-4dcf-a012-eb8a72678fc4,2026-09-08T11:08:19.522677Z
ae939a63-7a8e-4a25-b3ba-9a55552c7c7c,74db88c5-0a6c-4b1a-98cc-ee6d32c43fce,2026-09-08T12:08:19.522677Z
f12e7bb7-febd-469d-b005-9a17bbbca155,64d2f495-2fbb-443e-a24b-afc02e115f53,2026-09-08T13:08:19.522677Z
c1841d1f-cd07-4516-bc9f-6bdfe42eef9c,960d02cc-77fc-4818-b78e-e1115f5b67d2,2026-09-08T14:08:19.522677Z
6bfacfc4-70cc-4878-93c6-554de7aba183,d8ce83cd-f842-4a33-941d-7157190c94ed,2026-09-08T14:08:19.522677Z
b4fc6f40-c54c-497a-aa74-ed3430d50b83,566a37bd-6576-48c8-bcf9-7b897037060b,2026-09-08T17:08:19.522677Z
0bb77dd4-1ab5-4244-90f5-c88549f95229,566a37bd-6576-48c8-bcf9-7b897037060b,2026-09-08T17:08:19.522677Z
8783ca8d-4517-4349-9c88-4540de13929d,566a37bd-6576-48c8-bcf9-7b897037060b,2026-09-08T17:08:19.522677Z
e28509c5-cdf3-4238-a893-7cf7490dfd20,5e63402b-5355-443e-a57a-e6eac780a335,2026-09-08T17:08:19.522677Z
03110d25-2b80-4b0b-a531-3521ea871921,915eaddc-febc-4f7f-b7e6-63d739a05d41,2026-09-08T17:08:19.522677Z
13c17f75-ab00-4f94-8267-c3647480f0a1,c6505c35-177f-4948-be9b-2eeaec6f1ae6,2026-09-08T17:08:19.522677Z
b6348ec2-fe56-4d71-8012-5173bce90706,c6505c35-177f-4948-be9b-2eeaec6f1ae6,2026-09-08T17:08:19.522677Z
dd39662a-c0ce-48ac-abf2-d957eb352a8e,d8ce83cd-f842-4a33-941d-7157190c94ed,2026-09-08T17:08:19.522677Z
d2971201-9722-46ff-bc32-f9c41cc7b1fd,d8ce83cd-f842-4a33-941d-7157190c94ed,2026-09-08T17:08:19.522677Z
7e4afecf-c45f-47ef-bc68-7ef5ccbfdc75,d8ce83cd-f842-4a33-941d-7157190c94ed,2026-09-08T17:08:19.522677Z
880b6bea-e855-4e41-8fb3-0a3ac944d9a6,d9e84467-d371-4e80-82cd-d0db7c697aa0,2026-09-08T17:08:19.522677Z
568c15f4-9b34-4747-a8ad-952b13de9fe7,367542bf-8626-4a2d-8d00-752fc7a5d2dd,2026-09-08T17:08:19.522677Z
60885609-2de6-499a-b7e0-de3ba4c113c6,5d0e2afd-cf7b-4b6e-bc2e-2f337b7110a8,2026-09-08T17:08:19.522677Z
4f435cd3-0cf1-4f7b-a26d-b4a67b2ed378,5d0e2afd-cf7b-4b6e-bc2e-2f337b7110a8,2026-09-08T17:08:19.522677Z
7352d1e9-6b4d-4a08-9437-6c1f5f0b440a,378bb142-6c2f-4cd2-be36-9c4096d10828,2026-09-08T17:08:19.522677Z
3bcc6989-493c-4333-b452-fe2eaac4e33c,378bb142-6c2f-4cd2-be36-9c4096d10828,2026-09-08T17:08:19.522677Z
f25d37a1-a342-43f8-8d6d-67f1b123a1b9,668ccc0d-d4a0-469f-bb22-4d633602c5d4,2026-09-08T17:08:19.522677Z
bed56006-ba63-40a2-83b1-eb364627143b,668ccc0d-d4a0-469f-bb22-4d633602c5d4,2026-09-08T17:08:19.522677Z
1ad30fde-a95e-4a6d-8d2c-1d8063a37ced,668ccc0d-d4a0-469f-bb22-4d633602c5d4,2026-09-08T17:08:19.522677Z
155461df-ae30-46a0-8344-52b47121f8a9,b608c741-e604-4e05-a9d0-88f5e17a74f2,2026-09-08T17:08:19.522677Z
3e3027b5-ceba-494a-aaa4-3c69ec7c9cdd,abd25c44-40a0-4e80-b2fb-b82f914f5bff,2026-09-08T17:08:19.522677Z
a65e9316-1d4b-4d4c-810d-19afda9a9ad9,64d2f495-2fbb-443e-a24b-afc02e115f53,2026-09-08T17:08:19.522677Z
e1502777-2543-4ca3-85a4-2f10eeee5b75,64d2f495-2fbb-443e-a24b-afc02e115f53,2026-09-08T17:08:19.522677Z
884a8b21-9058-4586-a526-2622d7020e58,64d2f495-2fbb-443e-a24b-afc02e115f53,2026-09-08T17:08:19.522677Z
bdbb2e21-aa6c-41cb-880b-8a962efd45e4,64d2f495-2fbb-443e-a24b-afc02e115f53,2026-09-08T17:08:19.522677Z
6d3331c4-67d7-4e65-a863-89529d2aa744,64d2f495-2fbb-443e-a24b-afc02e115f53,2026-09-08T17:08:19.522677Z
f479831d-e03e-440b-92fe-511616165269,64d2f495-2fbb-443e-a24b-afc02e115f53,2026-09-08T17:08:19.522677Z
9405930f-7c8a-4cb5-b09d-f552ad4ddff9,64d2f495-2fbb-443e-a24b-afc02e115f53,2026-09-08T17:08:19.522677Z
fb36618b-9fac-4257-825e-e8d34dd8a69f,f3855561-d3b7-495b-b107-ded9db3b409a,2026-09-08T17:08:19.522677Z
c3b7b373-294e-4c12-ab46-f01a426229b5,4cd0cabd-0db1-41d6-b84e-141b0366133a,2026-09-08T17:08:19.522677Z
56003b16-fe90-4541-9987-54dcdc4d76e0,421c096c-461d-4518-8c4e-ed07afc8388b,2026-09-08T17:08:19.522677Z
0a37de7f-5a3a-42dc-a494-75cc90730f3c,421c096c-461d-4518-8c4e-ed07afc8388b,2026-09-08T17:08:19.522677Z
e767647e-cbde-4a07-935c-adefd5896937,421c096c-461d-4518-8c4e-ed07afc8388b,2026-09-08T17:08:19.522677Z
6ab48462-ed1b-46a1-9147-9658fceb4784,421c096c-461d-4518-8c4e-ed07afc8388b,2026-09-08T17:08:19.522677Z
76d7347f-3b25-40e5-a882-7bd97b75dc04,421c096c-461d-4518-8c4e-ed07afc8388b,2026-09-08T17:08:19.522677Z
13fbad49-aca9-4a8d-97a7-ec9718b0a717,421c096c-461d-4518-8c4e-ed07afc8388b,2026-09-08T17:08:19.522677Z
ecaf097c-7377-460d-a53f-165d4bbe8b3f,421c096c-461d-4518-8c4e-ed07afc8388b,2026-09-08T17:08:19.522677Z
898e1588-ace4-457e-82be-e668840fd2dc,421c096c-461d-4518-8c4e-ed07afc8388b,2026-09-08T17:08:19.522677Z
0c76dad8-651e-40df-b6f6-96ac255a78a5,f83fb816-54ae-4eb6-998a-b2a450f35beb,2026-09-08T17:08:19.522677Z
4f09d0c0-0d4f-432c-9ada-a6aeeff64ea0,707d769f-015a-4daf-bcaa-5a991e5e4df5,2026-09-08T17:08:19.522677Z
b4450b46-f0f6-41c7-b191-a8466fb58a28,33027796-d29e-4ab0-b63f-01095f1232bc,2026-09-08T17:08:19.522677Z
cd1d78e4-e05c-4a57-8920-28bfd50a3aa8,2e031a83-3914-466b-9dfb-3e2347e706d0,2026-09-08T17:08:19.522677Z
8362c7e4-f21e-4989-8a44-ed4a82b5e4d9,2e031a83-3914-466b-9dfb-3e2347e706d0,2026-09-08T17:08:19.522677Z
1e7c6089-a255-40f2-aa09-5929c5bf9932,2e031a83-3914-466b-9dfb-3e2347e706d0,2026-09-08T17:08:19.522677Z
bc641a25-6c05-4a98-8508-e34fcccc933d,2e031a83-3914-466b-9dfb-3e2347e706d0,2026-09-08T17:08:19.522677Z
6ce54bcc-0be5-4950-9274-0938ec302e27,2e031a83-3914-466b-9dfb-3e2347e706d0,2026-09-08T17:08:19.522677Z
9d0784de-8dd9-44c3-b417-d27dd12a0c49,2e031a83-3914-466b-9dfb-3e2347e706d0,2026-09-08T17:08:19.522677Z
4a141f06-cd6e-4a3e-8f24-a05eb23fdd93,364e1fcf-4046-413c-8b55-649592e562f1,2026-09-08T17:08:19.522677Z
